month,hub_id,commodity_id,admin_id,admin_name,admin_version,order_count,total_weight_tons,avg_weight_kg,avg_rainfall_mm,avg_river_level_m,flood_hours,salinity_risk_avg,annual_index,seasonal_index
2024-01,HUB_LONGXUYEN,COM_PANGASIUS,ANGIANG_POST2025,An Giang,harmonized_post_2025,38,172.829312,4548.139782,0.329762,2.101586,0,0.099000,1.000000,0.911013
2024-01,HUB_LONGXUYEN,COM_RICE,ANGIANG_POST2025,An Giang,harmonized_post_2025,73,672.066851,9206.395213,0.329762,2.101586,0,0.099000,1.000000,0.831398
2024-01,HUB_LONGXUYEN,COM_SWEET_POTATO,ANGIANG_POST2025,An Giang,harmonized_post_2025,30,219.533147,7317.771569,0.329762,2.101586,0,0.099000,1.000000,1.025552
2024-01,HUB_LONGXUYEN,COM_VEGETABLE,ANGIANG_POST2025,An Giang,harmonized_post_2025,22,61.495020,2795.228179,0.329762,2.101586,0,0.099000,1.000000,1.041280
2024-01,HUB_SOCTRANG,COM_PURPLE_ONION,CANTHO_POST2025,Cần Thơ,harmonized_post_2025,58,257.753348,4444.023247,0.345602,1.604418,0,0.550000,1.000000,1.172993
2024-01,HUB_SOCTRANG,COM_RICE,CANTHO_POST2025,Cần Thơ,harmonized_post_2025,53,516.665344,9748.402709,0.345602,1.604418,0,0.550000,1.000000,0.817022
2024-01,HUB_SOCTRANG,COM_SHRIMP,CANTHO_POST2025,Cần Thơ,harmonized_post_2025,48,158.176174,3295.336955,0.345602,1.604418,0,0.550000,1.000000,0.731639
2024-01,HUB_SOCTRANG,COM_VEGETABLE,CANTHO_POST2025,Cần Thơ,harmonized_post_2025,30,94.581394,3152.713144,0.345602,1.604418,0,0.550000,1.000000,1.026904
2024-01,HUB_VINHLONG,COM_ORANGE,VINHLONG_POST2025,Vĩnh Long,harmonized_post_2025,49,258.840830,5282.465922,0.329711,1.899961,0,0.247500,1.000000,1.008642
2024-01,HUB_VINHLONG,COM_POMELO,VINHLONG_POST2025,Vĩnh Long,harmonized_post_2025,50,256.378835,5127.576697,0.329711,1.899961,0,0.247500,1.000000,0.837007
2024-01,HUB_VINHLONG,COM_SWEET_POTATO,VINHLONG_POST2025,Vĩnh Long,harmonized_post_2025,49,350.482750,7152.709187,0.329711,1.899961,0,0.247500,1.000000,1.014557
2024-01,HUB_VINHLONG,COM_VEGETABLE,VINHLONG_POST2025,Vĩnh Long,harmonized_post_2025,26,71.517989,2750.691895,0.329711,1.899961,0,0.247500,1.000000,1.030285
2024-01,HUB_VITHANH,COM_PANGASIUS,CANTHO_POST2025,Cần Thơ,harmonized_post_2025,15,77.902507,5193.500473,0.333201,1.801532,0,0.302500,1.000000,0.920456
2024-01,HUB_VITHANH,COM_PINEAPPLE,CANTHO_POST2025,Cần Thơ,harmonized_post_2025,40,279.083622,6977.090556,0.333201,1.801532,0,0.302500,1.000000,0.886851
2024-01,HUB_VITHANH,COM_RICE,CANTHO_POST2025,Cần Thơ,harmonized_post_2025,46,392.213254,8526.375077,0.333201,1.801532,0,0.302500,1.000000,0.840841
2024-01,HUB_VITHANH,COM_SUGARCANE,CANTHO_POST2025,Cần Thơ,harmonized_post_2025,51,941.888388,18468.399762,0.333201,1.801532,0,0.302500,1.000000,1.054720
2024-01,HUB_VITHANH,COM_VEGETABLE,CANTHO_POST2025,Cần Thơ,harmonized_post_2025,14,37.528349,2680.596364,0.333201,1.801532,0,0.302500,1.000000,1.050723
2024-02,HUB_LONGXUYEN,COM_PANGASIUS,ANGIANG_POST2025,An Giang,harmonized_post_2025,37,162.953001,4404.135166,0.310694,2.029611,0,0.153000,1.000000,0.925010
2024-02,HUB_LONGXUYEN,COM_RICE,ANGIANG_POST2025,An Giang,harmonized_post_2025,81,674.891912,8331.998916,0.310694,2.029611,0,0.153000,1.000000,1.015383
2024-02,HUB_LONGXUYEN,COM_SWEET_POTATO,ANGIANG_POST2025,An Giang,harmonized_post_2025,26,221.635321,8524.435417,0.310694,2.029611,0,0.153000,1.000000,1.090351
2024-02,HUB_LONGXUYEN,COM_VEGETABLE,ANGIANG_POST2025,An Giang,harmonized_post_2025,20,54.293068,2714.653382,0.310694,2.029611,0,0.153000,1.000000,1.024935
2024-02,HUB_SOCTRANG,COM_PURPLE_ONION,CANTHO_POST2025,Cần Thơ,harmonized_post_2025,37,164.140613,4436.232776,0.336546,1.531876,0,0.850000,1.000000,1.117630
2024-02,HUB_SOCTRANG,COM_RICE,CANTHO_POST2025,Cần Thơ,harmonized_post_2025,46,369.510107,8032.828411,0.336546,1.531876,0,0.850000,1.000000,0.991952
2024-02,HUB_SOCTRANG,COM_SHRIMP,CANTHO_POST2025,Cần Thơ,harmonized_post_2025,44,143.136600,3253.104539,0.336546,1.531876,0,0.850000,1.000000,0.761021
2024-02,HUB_SOCTRANG,COM_VEGETABLE,CANTHO_POST2025,Cần Thơ,harmonized_post_2025,29,78.739444,2715.153235,0.336546,1.531876,0,0.850000,1.000000,1.001504
2024-02,HUB_VINHLONG,COM_ORANGE,VINHLONG_POST2025,Vĩnh Long,harmonized_post_2025,52,282.052698,5424.090348,0.310622,1.830517,0,0.382500,1.000000,0.979411
2024-02,HUB_VINHLONG,COM_POMELO,VINHLONG_POST2025,Vĩnh Long,harmonized_post_2025,30,167.838157,5594.605227,0.310622,1.830517,0,0.382500,1.000000,0.802900
2024-02,HUB_VINHLONG,COM_SWEET_POTATO,VINHLONG_POST2025,Vĩnh Long,harmonized_post_2025,45,349.270459,7761.565749,0.310622,1.830517,0,0.382500,1.000000,1.064400
2024-02,HUB_VINHLONG,COM_VEGETABLE,VINHLONG_POST2025,Vĩnh Long,harmonized_post_2025,35,98.761213,2821.748955,0.310622,1.830517,0,0.382500,1.000000,0.998984
2024-02,HUB_VITHANH,COM_PANGASIUS,CANTHO_POST2025,Cần Thơ,harmonized_post_2025,16,72.228282,4514.267644,0.317559,1.732500,0,0.467500,1.000000,0.916551
2024-02,HUB_VITHANH,COM_PINEAPPLE,CANTHO_POST2025,Cần Thơ,harmonized_post_2025,37,221.739694,5992.964715,0.317559,1.732500,0,0.467500,1.000000,0.884215
2024-02,HUB_VITHANH,COM_RICE,CANTHO_POST2025,Cần Thơ,harmonized_post_2025,46,414.894924,9019.454863,0.317559,1.732500,0,0.467500,1.000000,1.006924
2024-02,HUB_VITHANH,COM_SUGARCANE,CANTHO_POST2025,Cần Thơ,harmonized_post_2025,38,590.245096,15532.765684,0.317559,1.732500,0,0.467500,1.000000,0.948148
2024-02,HUB_VITHANH,COM_VEGETABLE,CANTHO_POST2025,Cần Thơ,harmonized_post_2025,14,38.965349,2783.239212,0.317559,1.732500,0,0.467500,1.000000,1.016476
2024-03,HUB_LONGXUYEN,COM_PANGASIUS,ANGIANG_POST2025,An Giang,harmonized_post_2025,46,216.621670,4709.166749,0.346644,2.001451,0,0.180000,1.000000,0.967577
2024-03,HUB_LONGXUYEN,COM_RICE,ANGIANG_POST2025,An Giang,harmonized_post_2025,113,1021.428738,9039.192371,0.346644,2.001451,0,0.180000,1.000000,1.130586
2024-03,HUB_LONGXUYEN,COM_SWEET_POTATO,ANGIANG_POST2025,An Giang,harmonized_post_2025,21,167.085180,7956.437166,0.346644,2.001451,0,0.180000,1.000000,0.888148
2024-03,HUB_LONGXUYEN,COM_VEGETABLE,ANGIANG_POST2025,An Giang,harmonized_post_2025,18,51.544293,2863.571836,0.346644,2.001451,0,0.180000,1.000000,0.989657
2024-03,HUB_SOCTRANG,COM_PURPLE_ONION,CANTHO_POST2025,Cần Thơ,harmonized_post_2025,63,299.604724,4755.630540,0.371029,1.501953,0,1.000000,1.000000,1.046150
2024-03,HUB_SOCTRANG,COM_RICE,CANTHO_POST2025,Cần Thơ,harmonized_post_2025,71,625.392162,8808.340306,0.371029,1.501953,0,1.000000,1.000000,1.109994
2024-03,HUB_SOCTRANG,COM_SHRIMP,CANTHO_POST2025,Cần Thơ,harmonized_post_2025,55,183.202369,3330.952156,0.371029,1.501953,0,1.000000,1.000000,0.834117
2024-03,HUB_SOCTRANG,COM_VEGETABLE,CANTHO_POST2025,Cần Thơ,harmonized_post_2025,13,40.743227,3134.094354,0.371029,1.501953,0,1.000000,1.000000,0.969064
2024-03,HUB_VINHLONG,COM_ORANGE,VINHLONG_POST2025,Vĩnh Long,harmonized_post_2025,52,282.286953,5428.595247,0.339793,1.801144,0,0.450000,1.000000,0.904590
2024-03,HUB_VINHLONG,COM_POMELO,VINHLONG_POST2025,Vĩnh Long,harmonized_post_2025,49,302.752077,6178.613826,0.339793,1.801144,0,0.450000,1.000000,0.772565
2024-03,HUB_VINHLONG,COM_SWEET_POTATO,VINHLONG_POST2025,Vĩnh Long,harmonized_post_2025,50,362.701252,7254.025044,0.339793,1.801144,0,0.450000,1.000000,0.853242
2024-03,HUB_VINHLONG,COM_VEGETABLE,VINHLONG_POST2025,Vĩnh Long,harmonized_post_2025,21,55.161477,2626.737011,0.339793,1.801144,0,0.450000,1.000000,0.954750
2024-03,HUB_VITHANH,COM_PANGASIUS,CANTHO_POST2025,Cần Thơ,harmonized_post_2025,15,75.068228,5004.548556,0.370389,1.702484,0,0.550000,1.000000,0.944266
2024-03,HUB_VITHANH,COM_PINEAPPLE,CANTHO_POST2025,Cần Thơ,harmonized_post_2025,49,288.757626,5893.012786,0.370389,1.702484,0,0.550000,1.000000,0.912816
2024-03,HUB_VITHANH,COM_RICE,CANTHO_POST2025,Cần Thơ,harmonized_post_2025,56,479.698045,8566.036516,0.370389,1.702484,0,0.550000,1.000000,1.107275
2024-03,HUB_VITHANH,COM_SUGARCANE,CANTHO_POST2025,Cần Thơ,harmonized_post_2025,32,553.270020,17289.688133,0.370389,1.702484,0,0.550000,1.000000,0.841233
2024-03,HUB_VITHANH,COM_VEGETABLE,CANTHO_POST2025,Cần Thơ,harmonized_post_2025,17,42.675886,2510.346232,0.370389,1.702484,0,0.550000,1.000000,0.966345
2024-04,HUB_LONGXUYEN,COM_PANGASIUS,ANGIANG_POST2025,An Giang,harmonized_post_2025,65,283.215573,4357.162659,0.931446,2.106990,0,0.162000,1.000000,0.992714
2024-04,HUB_LONGXUYEN,COM_RICE,ANGIANG_POST2025,An Giang,harmonized_post_2025,85,772.456430,9087.722709,0.931446,2.106990,0,0.162000,1.000000,1.033493
2024-04,HUB_LONGXUYEN,COM_SWEET_POTATO,ANGIANG_POST2025,An Giang,harmonized_post_2025,28,237.544954,8483.748370,0.931446,2.106990,0,0.162000,1.000000,0.889496
2024-04,HUB_LONGXUYEN,COM_VEGETABLE,ANGIANG_POST2025,An Giang,harmonized_post_2025,24,71.693846,2987.243595,0.931446,2.106990,0,0.162000,1.000000,0.946347
2024-04,HUB_SOCTRANG,COM_PURPLE_ONION,CANTHO_POST2025,Cần Thơ,harmonized_post_2025,44,193.152038,4389.819045,1.001843,1.608176,0,0.900000,1.000000,0.902836
2024-04,HUB_SOCTRANG,COM_RICE,CANTHO_POST2025,Cần Thơ,harmonized_post_2025,54,525.306004,9727.888965,1.001843,1.608176,0,0.900000,1.000000,1.030684
2024-04,HUB_SOCTRANG,COM_SHRIMP,CANTHO_POST2025,Cần Thơ,harmonized_post_2025,53,163.726163,3089.172895,1.001843,1.608176,0,0.900000,1.000000,0.960315
2024-04,HUB_SOCTRANG,COM_VEGETABLE,CANTHO_POST2025,Cần Thơ,harmonized_post_2025,26,86.385650,3322.525012,1.001843,1.608176,0,0.900000,1.000000,0.943538
2024-04,HUB_VINHLONG,COM_ORANGE,VINHLONG_POST2025,Vĩnh Long,harmonized_post_2025,35,192.625775,5503.593571,0.926979,1.907633,0,0.405000,1.000000,0.851671
2024-04,HUB_VINHLONG,COM_POMELO,VINHLONG_POST2025,Vĩnh Long,harmonized_post_2025,40,241.860405,6046.510131,0.926979,1.907633,0,0.405000,1.000000,0.793444
2024-04,HUB_VINHLONG,COM_SWEET_POTATO,VINHLONG_POST2025,Vĩnh Long,harmonized_post_2025,43,249.132050,5793.768603,0.926979,1.907633,0,0.405000,1.000000,0.863546
2024-04,HUB_VINHLONG,COM_VEGETABLE,VINHLONG_POST2025,Vĩnh Long,harmonized_post_2025,24,67.961810,2831.742097,0.926979,1.907633,0,0.405000,1.000000,0.920396
2024-04,HUB_VITHANH,COM_PANGASIUS,CANTHO_POST2025,Cần Thơ,harmonized_post_2025,19,84.267812,4435.148016,0.975772,1.809105,0,0.495000,1.000000,0.969501
2024-04,HUB_VITHANH,COM_PINEAPPLE,CANTHO_POST2025,Cần Thơ,harmonized_post_2025,54,323.058101,5982.557432,0.975772,1.809105,0,0.495000,1.000000,0.985670
2024-04,HUB_VITHANH,COM_RICE,CANTHO_POST2025,Cần Thơ,harmonized_post_2025,54,394.178194,7299.596178,0.975772,1.809105,0,0.495000,1.000000,1.010280
2024-04,HUB_VITHANH,COM_SUGARCANE,CANTHO_POST2025,Cần Thơ,harmonized_post_2025,38,712.919926,18761.050687,0.975772,1.809105,0,0.495000,1.000000,0.795068
2024-04,HUB_VITHANH,COM_VEGETABLE,CANTHO_POST2025,Cần Thơ,harmonized_post_2025,11,37.396580,3399.689110,0.975772,1.809105,0,0.495000,1.000000,0.923134
2024-05,HUB_LONGXUYEN,COM_PANGASIUS,ANGIANG_POST2025,An Giang,harmonized_post_2025,45,206.681819,4592.929307,2.776670,2.324047,0,0.090000,1.000000,1.039031
2024-05,HUB_LONGXUYEN,COM_RICE,ANGIANG_POST2025,An Giang,harmonized_post_2025,83,830.892866,10010.757416,2.776670,2.324047,0,0.090000,1.000000,0.892239
2024-05,HUB_LONGXUYEN,COM_SWEET_POTATO,ANGIANG_POST2025,An Giang,harmonized_post_2025,25,191.464125,7658.564998,2.776670,2.324047,0,0.090000,1.000000,1.078938
2024-05,HUB_LONGXUYEN,COM_VEGETABLE,ANGIANG_POST2025,An Giang,harmonized_post_2025,17,47.311048,2783.002803,2.776670,2.324047,0,0.090000,1.000000,0.925369
2024-05,HUB_SOCTRANG,COM_PURPLE_ONION,CANTHO_POST2025,Cần Thơ,harmonized_post_2025,30,115.178366,3839.278872,3.038881,1.823274,0,0.500000,1.000000,0.858693
2024-05,HUB_SOCTRANG,COM_RICE,CANTHO_POST2025,Cần Thơ,harmonized_post_2025,44,409.514070,9307.137945,3.038881,1.823274,0,0.500000,1.000000,0.910215
2024-05,HUB_SOCTRANG,COM_SHRIMP,CANTHO_POST2025,Cần Thơ,harmonized_post_2025,46,143.207019,3113.196072,3.038881,1.823274,0,0.500000,1.000000,1.164617
2024-05,HUB_SOCTRANG,COM_VEGETABLE,CANTHO_POST2025,Cần Thơ,harmonized_post_2025,23,58.592871,2547.516128,3.038881,1.823274,0,0.500000,1.000000,0.943345
2024-05,HUB_VINHLONG,COM_ORANGE,VINHLONG_POST2025,Vĩnh Long,harmonized_post_2025,32,209.178941,6536.841893,2.715787,2.124115,0,0.225000,1.000000,0.848239
2024-05,HUB_VINHLONG,COM_POMELO,VINHLONG_POST2025,Vĩnh Long,harmonized_post_2025,30,166.256382,5541.879398,2.715787,2.124115,0,0.225000,1.000000,0.842292
2024-05,HUB_VINHLONG,COM_SWEET_POTATO,VINHLONG_POST2025,Vĩnh Long,harmonized_post_2025,57,427.948275,7507.864476,2.715787,2.124115,0,0.225000,1.000000,1.067899
2024-05,HUB_VINHLONG,COM_VEGETABLE,VINHLONG_POST2025,Vĩnh Long,harmonized_post_2025,27,90.089203,3336.637138,2.715787,2.124115,0,0.225000,1.000000,0.914330
2024-05,HUB_VITHANH,COM_PANGASIUS,CANTHO_POST2025,Cần Thơ,harmonized_post_2025,15,72.322373,4821.491557,2.934431,2.025751,0,0.275000,1.000000,1.021867
2024-05,HUB_VITHANH,COM_PINEAPPLE,CANTHO_POST2025,Cần Thơ,harmonized_post_2025,54,326.587718,6047.920705,2.934431,2.025751,0,0.275000,1.000000,1.037976
2024-05,HUB_VITHANH,COM_RICE,CANTHO_POST2025,Cần Thơ,harmonized_post_2025,50,485.504847,9710.096938,2.934431,2.025751,0,0.275000,1.000000,0.875075
2024-05,HUB_VITHANH,COM_SUGARCANE,CANTHO_POST2025,Cần Thơ,harmonized_post_2025,36,543.206887,15089.080198,2.934431,2.025751,0,0.275000,1.000000,0.789076
2024-05,HUB_VITHANH,COM_VEGETABLE,CANTHO_POST2025,Cần Thơ,harmonized_post_2025,15,49.064739,3270.982624,2.934431,2.025751,0,0.275000,1.000000,0.908205
2024-06,HUB_LONGXUYEN,COM_PANGASIUS,ANGIANG_POST2025,An Giang,harmonized_post_2025,34,140.654325,4136.891904,4.245375,2.540913,0,0.036000,1.000000,1.063697
2024-06,HUB_LONGXUYEN,COM_RICE,ANGIANG_POST2025,An Giang,harmonized_post_2025,68,560.483215,8242.400217,4.245375,2.540913,0,0.036000,1.000000,0.891816
2024-06,HUB_LONGXUYEN,COM_SWEET_POTATO,ANGIANG_POST2025,An Giang,harmonized_post_2025,29,223.319740,7700.680686,4.245375,2.540913,0,0.036000,1.000000,1.153921
2024-06,HUB_LONGXUYEN,COM_VEGETABLE,ANGIANG_POST2025,An Giang,harmonized_post_2025,10,29.018351,2901.835091,4.245375,2.540913,0,0.036000,1.000000,0.907924
2024-06,HUB_SOCTRANG,COM_PURPLE_ONION,CANTHO_POST2025,Cần Thơ,harmonized_post_2025,31,139.299620,4493.536145,4.637515,2.043333,0,0.200000,1.000000,0.859020
2024-06,HUB_SOCTRANG,COM_RICE,CANTHO_POST2025,Cần Thơ,harmonized_post_2025,43,361.340686,8403.271763,4.637515,2.043333,0,0.200000,1.000000,0.918684
2024-06,HUB_SOCTRANG,COM_SHRIMP,CANTHO_POST2025,Cần Thơ,harmonized_post_2025,59,202.838459,3437.939978,4.637515,2.043333,0,0.200000,1.000000,1.271558
2024-06,HUB_SOCTRANG,COM_VEGETABLE,CANTHO_POST2025,Cần Thơ,harmonized_post_2025,24,55.414325,2308.930222,4.637515,2.043333,0,0.200000,1.000000,0.934792
2024-06,HUB_VINHLONG,COM_ORANGE,VINHLONG_POST2025,Vĩnh Long,harmonized_post_2025,25,137.711429,5508.457161,4.152592,2.340810,0,0.090000,1.000000,0.877360
2024-06,HUB_VINHLONG,COM_POMELO,VINHLONG_POST2025,Vĩnh Long,harmonized_post_2025,28,184.797739,6599.919238,4.152592,2.340810,0,0.090000,1.000000,0.923794
2024-06,HUB_VINHLONG,COM_SWEET_POTATO,VINHLONG_POST2025,Vĩnh Long,harmonized_post_2025,39,306.874010,7868.564368,4.152592,2.340810,0,0.090000,1.000000,1.157704
2024-06,HUB_VINHLONG,COM_VEGETABLE,VINHLONG_POST2025,Vĩnh Long,harmonized_post_2025,30,92.192882,3073.096067,4.152592,2.340810,0,0.090000,1.000000,0.911707
2024-06,HUB_VITHANH,COM_PANGASIUS,CANTHO_POST2025,Cần Thơ,harmonized_post_2025,16,84.621367,5288.835416,4.489132,2.239910,0,0.110000,1.000000,1.052484
2024-06,HUB_VITHANH,COM_PINEAPPLE,CANTHO_POST2025,Cần Thơ,harmonized_post_2025,52,318.525316,6125.486853,4.489132,2.239910,0,0.110000,1.000000,1.093697
2024-06,HUB_VITHANH,COM_RICE,CANTHO_POST2025,Cần Thơ,harmonized_post_2025,34,279.100952,8208.851518,4.489132,2.239910,0,0.110000,1.000000,0.880603
2024-06,HUB_VITHANH,COM_SUGARCANE,CANTHO_POST2025,Cần Thơ,harmonized_post_2025,40,838.837542,20970.938553,4.489132,2.239910,0,0.110000,1.000000,0.815153
2024-06,HUB_VITHANH,COM_VEGETABLE,CANTHO_POST2025,Cần Thơ,harmonized_post_2025,5,16.089836,3217.967219,4.489132,2.239910,0,0.110000,1.000000,0.896711
2024-07,HUB_LONGXUYEN,COM_PANGASIUS,ANGIANG_POST2025,An Giang,harmonized_post_2025,49,230.700764,4708.178851,5.054645,2.697994,0,0.021600,1.000000,1.095996
2024-07,HUB_LONGXUYEN,COM_RICE,ANGIANG_POST2025,An Giang,harmonized_post_2025,106,895.055787,8443.922515,5.054645,2.697994,0,0.021600,1.000000,1.136010
2024-07,HUB_LONGXUYEN,COM_SWEET_POTATO,ANGIANG_POST2025,An Giang,harmonized_post_2025,21,135.474971,6451.189098,5.054645,2.697994,0,0.021600,1.000000,0.979892
2024-07,HUB_LONGXUYEN,COM_VEGETABLE,ANGIANG_POST2025,An Giang,harmonized_post_2025,17,57.890432,3405.319505,5.054645,2.697994,0,0.021600,1.000000,0.940222
2024-07,HUB_SOCTRANG,COM_PURPLE_ONION,CANTHO_POST2025,Cần Thơ,harmonized_post_2025,27,130.220704,4822.989034,5.535447,2.198062,0,0.120000,1.000000,0.885456
2024-07,HUB_SOCTRANG,COM_RICE,CANTHO_POST2025,Cần Thơ,harmonized_post_2025,54,409.687369,7586.803129,5.535447,2.198062,0,0.120000,1.000000,1.150824
2024-07,HUB_SOCTRANG,COM_SHRIMP,CANTHO_POST2025,Cần Thơ,harmonized_post_2025,79,257.978341,3265.548614,5.535447,2.198062,0,0.120000,1.000000,1.330128
2024-07,HUB_SOCTRANG,COM_VEGETABLE,CANTHO_POST2025,Cần Thơ,harmonized_post_2025,22,64.836059,2947.093589,5.535447,2.198062,0,0.120000,1.000000,0.955036
2024-07,HUB_VINHLONG,COM_ORANGE,VINHLONG_POST2025,Vĩnh Long,harmonized_post_2025,38,190.413990,5010.894477,4.961871,2.499267,0,0.054000,1.000000,0.936582
2024-07,HUB_VINHLONG,COM_POMELO,VINHLONG_POST2025,Vĩnh Long,harmonized_post_2025,59,341.001452,5779.685634,4.961871,2.499267,0,0.054000,1.000000,1.030307
2024-07,HUB_VINHLONG,COM_SWEET_POTATO,VINHLONG_POST2025,Vĩnh Long,harmonized_post_2025,50,378.746045,7574.920903,4.961871,2.499267,0,0.054000,1.000000,0.980498
2024-07,HUB_VINHLONG,COM_VEGETABLE,VINHLONG_POST2025,Vĩnh Long,harmonized_post_2025,25,61.609880,2464.395213,4.961871,2.499267,0,0.054000,1.000000,0.940828
2024-07,HUB_VITHANH,COM_PANGASIUS,CANTHO_POST2025,Cần Thơ,harmonized_post_2025,12,52.639046,4386.587142,5.350582,2.396583,0,0.066000,1.000000,1.075684
2024-07,HUB_VITHANH,COM_PINEAPPLE,CANTHO_POST2025,Cần Thơ,harmonized_post_2025,45,277.502678,6166.726172,5.350582,2.396583,0,0.066000,1.000000,1.116897
2024-07,HUB_VITHANH,COM_RICE,CANTHO_POST2025,Cần Thơ,harmonized_post_2025,45,401.286399,8917.475530,5.350582,2.396583,0,0.066000,1.000000,1.115699
2024-07,HUB_VITHANH,COM_SUGARCANE,CANTHO_POST2025,Cần Thơ,harmonized_post_2025,41,754.134510,18393.524635,5.350582,2.396583,0,0.066000,1.000000,0.862639
2024-07,HUB_VITHANH,COM_VEGETABLE,CANTHO_POST2025,Cần Thơ,harmonized_post_2025,10,28.811418,2881.141756,5.350582,2.396583,0,0.066000,1.000000,0.919911
2024-08,HUB_LONGXUYEN,COM_PANGASIUS,ANGIANG_POST2025,An Giang,harmonized_post_2025,54,240.657260,4456.615919,6.740034,2.894492,0,0.018000,1.000000,1.098547
2024-08,HUB_LONGXUYEN,COM_RICE,ANGIANG_POST2025,An Giang,harmonized_post_2025,92,796.776375,8660.612771,6.740034,2.894492,0,0.018000,1.000000,1.194432
2024-08,HUB_LONGXUYEN,COM_SWEET_POTATO,ANGIANG_POST2025,An Giang,harmonized_post_2025,15,100.694596,6712.973099,6.740034,2.894492,0,0.018000,1.000000,0.960770
2024-08,HUB_LONGXUYEN,COM_VEGETABLE,ANGIANG_POST2025,An Giang,harmonized_post_2025,17,50.942285,2996.604975,6.740034,2.894492,0,0.018000,1.000000,0.984885
2024-08,HUB_SOCTRANG,COM_PURPLE_ONION,CANTHO_POST2025,Cần Thơ,harmonized_post_2025,35,154.665276,4419.007886,7.398708,2.394835,0,0.100000,1.000000,0.919437
2024-08,HUB_SOCTRANG,COM_RICE,CANTHO_POST2025,Cần Thơ,harmonized_post_2025,50,433.569801,8671.396017,7.398708,2.394835,0,0.100000,1.000000,1.200299
2024-08,HUB_SOCTRANG,COM_SHRIMP,CANTHO_POST2025,Cần Thơ,harmonized_post_2025,63,218.661779,3470.821893,7.398708,2.394835,0,0.100000,1.000000,1.285839
2024-08,HUB_SOCTRANG,COM_VEGETABLE,CANTHO_POST2025,Cần Thơ,harmonized_post_2025,23,54.142337,2354.014670,7.398708,2.394835,0,0.100000,1.000000,0.990752
2024-08,HUB_VINHLONG,COM_ORANGE,VINHLONG_POST2025,Vĩnh Long,harmonized_post_2025,44,242.792288,5518.006555,6.621211,2.696669,0,0.045000,1.000000,1.009882
2024-08,HUB_VINHLONG,COM_POMELO,VINHLONG_POST2025,Vĩnh Long,harmonized_post_2025,50,279.365506,5587.310125,6.621211,2.696669,0,0.045000,1.000000,1.176463
2024-08,HUB_VINHLONG,COM_SWEET_POTATO,VINHLONG_POST2025,Vĩnh Long,harmonized_post_2025,37,265.333005,7171.162292,6.621211,2.696669,0,0.045000,1.000000,0.967198
2024-08,HUB_VINHLONG,COM_VEGETABLE,VINHLONG_POST2025,Vĩnh Long,harmonized_post_2025,16,39.174640,2448.414985,6.621211,2.696669,0,0.045000,1.000000,0.991314
2024-08,HUB_VITHANH,COM_PANGASIUS,CANTHO_POST2025,Cần Thơ,harmonized_post_2025,14,71.406868,5100.490602,7.152585,2.593128,0,0.055000,1.000000,1.081088
2024-08,HUB_VITHANH,COM_PINEAPPLE,CANTHO_POST2025,Cần Thơ,harmonized_post_2025,51,293.656718,5757.974862,7.152585,2.593128,0,0.055000,1.000000,1.097197
2024-08,HUB_VITHANH,COM_RICE,CANTHO_POST2025,Cần Thơ,harmonized_post_2025,56,517.267590,9236.921248,7.152585,2.593128,0,0.055000,1.000000,1.176973
2024-08,HUB_VITHANH,COM_SUGARCANE,CANTHO_POST2025,Cần Thơ,harmonized_post_2025,33,473.798334,14357.525261,7.152585,2.593128,0,0.055000,1.000000,0.951267
2024-08,HUB_VITHANH,COM_VEGETABLE,CANTHO_POST2025,Cần Thơ,harmonized_post_2025,16,46.348191,2896.761939,7.152585,2.593128,0,0.055000,1.000000,0.967426
2024-09,HUB_LONGXUYEN,COM_PANGASIUS,ANGIANG_POST2025,An Giang,harmonized_post_2025,46,202.222394,4396.139000,7.374717,3.068601,0,0.014400,1.000000,1.035149
2024-09,HUB_LONGXUYEN,COM_RICE,ANGIANG_POST2025,An Giang,harmonized_post_2025,78,649.532832,8327.344005,7.374717,3.068601,0,0.014400,1.000000,0.975110
2024-09,HUB_LONGXUYEN,COM_SWEET_POTATO,ANGIANG_POST2025,An Giang,harmonized_post_2025,30,220.988642,7366.288061,7.374717,3.068601,0,0.014400,1.000000,1.074661
2024-09,HUB_LONGXUYEN,COM_VEGETABLE,ANGIANG_POST2025,An Giang,harmonized_post_2025,8,21.208190,2651.023764,7.374717,3.068601,0,0.014400,1.000000,1.022509
2024-09,HUB_SOCTRANG,COM_PURPLE_ONION,CANTHO_POST2025,Cần Thơ,harmonized_post_2025,33,140.010210,4242.733632,8.902978,2.579436,0,0.080000,1.000000,0.949065
2024-09,HUB_SOCTRANG,COM_RICE,CANTHO_POST2025,Cần Thơ,harmonized_post_2025,49,401.859646,8201.217255,8.902978,2.579436,0,0.080000,1.000000,0.984193
2024-09,HUB_SOCTRANG,COM_SHRIMP,CANTHO_POST2025,Cần Thơ,harmonized_post_2025,59,186.376445,3158.922789,8.902978,2.579436,0,0.080000,1.000000,1.151861
2024-09,HUB_SOCTRANG,COM_VEGETABLE,CANTHO_POST2025,Cần Thơ,harmonized_post_2025,26,78.026478,3001.018380,8.902978,2.579436,0,0.080000,1.000000,1.031593
2024-09,HUB_VINHLONG,COM_ORANGE,VINHLONG_POST2025,Vĩnh Long,harmonized_post_2025,35,160.914994,4597.571253,7.221570,2.872297,0,0.036000,1.000000,1.095214
2024-09,HUB_VINHLONG,COM_POMELO,VINHLONG_POST2025,Vĩnh Long,harmonized_post_2025,61,342.788648,5619.486038,7.221570,2.872297,0,0.036000,1.000000,1.279557
2024-09,HUB_VINHLONG,COM_SWEET_POTATO,VINHLONG_POST2025,Vĩnh Long,harmonized_post_2025,54,410.571087,7603.168273,7.221570,2.872297,0,0.036000,1.000000,1.104957
2024-09,HUB_VINHLONG,COM_VEGETABLE,VINHLONG_POST2025,Vĩnh Long,harmonized_post_2025,25,62.797012,2511.880498,7.221570,2.872297,0,0.036000,1.000000,1.052805
2024-09,HUB_VITHANH,COM_PANGASIUS,CANTHO_POST2025,Cần Thơ,harmonized_post_2025,12,51.237709,4269.809042,8.604278,2.779709,0,0.044000,1.000000,1.047444
2024-09,HUB_VITHANH,COM_PINEAPPLE,CANTHO_POST2025,Cần Thơ,harmonized_post_2025,51,309.117959,6061.136449,8.604278,2.779709,0,0.044000,1.000000,1.063613
2024-09,HUB_VITHANH,COM_RICE,CANTHO_POST2025,Cần Thơ,harmonized_post_2025,51,469.480977,9205.509363,8.604278,2.779709,0,0.044000,1.000000,0.987405
2024-09,HUB_VITHANH,COM_SUGARCANE,CANTHO_POST2025,Cần Thơ,harmonized_post_2025,48,997.100031,20772.917308,8.604278,2.779709,0,0.044000,1.000000,1.133353
2024-09,HUB_VITHANH,COM_VEGETABLE,CANTHO_POST2025,Cần Thơ,harmonized_post_2025,12,30.182599,2515.216552,8.604278,2.779709,0,0.044000,1.000000,1.034804
2024-10,HUB_LONGXUYEN,COM_PANGASIUS,ANGIANG_POST2025,An Giang,harmonized_post_2025,50,221.987286,4439.745726,7.337434,3.141146,0,0.014400,1.000000,1.004427
2024-10,HUB_LONGXUYEN,COM_RICE,ANGIANG_POST2025,An Giang,harmonized_post_2025,65,549.945685,8460.702851,7.337434,3.141146,0,0.014400,1.000000,0.912209
2024-10,HUB_LONGXUYEN,COM_SWEET_POTATO,ANGIANG_POST2025,An Giang,harmonized_post_2025,17,155.719652,9159.979527,7.337434,3.141146,0,0.014400,1.000000,1.093293
2024-10,HUB_LONGXUYEN,COM_VEGETABLE,ANGIANG_POST2025,An Giang,harmonized_post_2025,16,40.507204,2531.700230,7.337434,3.141146,0,0.014400,1.000000,1.052343
2024-10,HUB_SOCTRANG,COM_PURPLE_ONION,CANTHO_POST2025,Cần Thơ,harmonized_post_2025,45,203.932459,4531.832426,8.036461,2.641925,0,0.080000,1.000000,0.981663
2024-10,HUB_SOCTRANG,COM_RICE,CANTHO_POST2025,Cần Thơ,harmonized_post_2025,34,299.650752,8813.257397,8.036461,2.641925,0,0.080000,1.000000,0.912562
2024-10,HUB_SOCTRANG,COM_SHRIMP,CANTHO_POST2025,Cần Thơ,harmonized_post_2025,45,143.246090,3183.246441,8.036461,2.641925,0,0.080000,1.000000,0.936926
2024-10,HUB_SOCTRANG,COM_VEGETABLE,CANTHO_POST2025,Cần Thơ,harmonized_post_2025,19,56.647628,2981.454125,8.036461,2.641925,0,0.080000,1.000000,1.052697
2024-10,HUB_VINHLONG,COM_ORANGE,VINHLONG_POST2025,Vĩnh Long,harmonized_post_2025,42,218.337363,5198.508640,7.193268,2.943577,0,0.036000,1.000000,1.179007
2024-10,HUB_VINHLONG,COM_POMELO,VINHLONG_POST2025,Vĩnh Long,harmonized_post_2025,52,293.390937,5642.133397,7.193268,2.943577,0,0.036000,1.000000,1.312082
2024-10,HUB_VINHLONG,COM_SWEET_POTATO,VINHLONG_POST2025,Vĩnh Long,harmonized_post_2025,41,333.412154,8132.003756,7.193268,2.943577,0,0.036000,1.000000,1.126633
2024-10,HUB_VINHLONG,COM_VEGETABLE,VINHLONG_POST2025,Vĩnh Long,harmonized_post_2025,23,59.116654,2570.289324,7.193268,2.943577,0,0.036000,1.000000,1.085683
2024-10,HUB_VITHANH,COM_PANGASIUS,CANTHO_POST2025,Cần Thơ,harmonized_post_2025,18,70.100642,3894.480127,7.771316,2.839665,0,0.044000,1.000000,1.034525
2024-10,HUB_VITHANH,COM_PINEAPPLE,CANTHO_POST2025,Cần Thơ,harmonized_post_2025,36,224.819729,6244.992485,7.771316,2.839665,0,0.044000,1.000000,1.026729
2024-10,HUB_VITHANH,COM_RICE,CANTHO_POST2025,Cần Thơ,harmonized_post_2025,45,426.012235,9466.938558,7.771316,2.839665,0,0.044000,1.000000,0.942307
2024-10,HUB_VITHANH,COM_SUGARCANE,CANTHO_POST2025,Cần Thơ,harmonized_post_2025,58,1092.187519,18830.819291,7.771316,2.839665,0,0.044000,1.000000,1.273274
2024-10,HUB_VITHANH,COM_VEGETABLE,CANTHO_POST2025,Cần Thơ,harmonized_post_2025,11,28.362325,2578.393217,7.771316,2.839665,0,0.044000,1.000000,1.082442
2024-11,HUB_LONGXUYEN,COM_PANGASIUS,ANGIANG_POST2025,An Giang,harmonized_post_2025,54,239.751395,4439.840654,2.739948,2.776530,0,0.021600,1.000000,0.941606
2024-11,HUB_LONGXUYEN,COM_RICE,ANGIANG_POST2025,An Giang,harmonized_post_2025,85,712.784189,8385.696341,2.739948,2.776530,0,0.021600,1.000000,1.014581
2024-11,HUB_LONGXUYEN,COM_SWEET_POTATO,ANGIANG_POST2025,An Giang,harmonized_post_2025,28,182.639333,6522.833328,2.739948,2.776530,0,0.021600,1.000000,0.908873
2024-11,HUB_LONGXUYEN,COM_VEGETABLE,ANGIANG_POST2025,An Giang,harmonized_post_2025,21,64.122272,3053.441530,2.739948,2.776530,0,0.021600,1.000000,1.079226
2024-11,HUB_SOCTRANG,COM_PURPLE_ONION,CANTHO_POST2025,Cần Thơ,harmonized_post_2025,53,207.468704,3914.503847,2.988195,2.279548,0,0.120000,1.000000,1.075065
2024-11,HUB_SOCTRANG,COM_RICE,CANTHO_POST2025,Cần Thơ,harmonized_post_2025,49,408.377588,8334.236481,2.988195,2.279548,0,0.120000,1.000000,1.009151
2024-11,HUB_SOCTRANG,COM_SHRIMP,CANTHO_POST2025,Cần Thơ,harmonized_post_2025,49,168.854363,3446.007399,2.988195,2.279548,0,0.120000,1.000000,0.823297
2024-11,HUB_SOCTRANG,COM_VEGETABLE,CANTHO_POST2025,Cần Thơ,harmonized_post_2025,40,118.786269,2969.656722,2.988195,2.279548,0,0.120000,1.000000,1.073796
2024-11,HUB_VINHLONG,COM_ORANGE,VINHLONG_POST2025,Vĩnh Long,harmonized_post_2025,60,333.215334,5553.588896,2.671665,2.576599,0,0.054000,1.000000,1.195951
2024-11,HUB_VINHLONG,COM_POMELO,VINHLONG_POST2025,Vĩnh Long,harmonized_post_2025,53,328.396045,6196.151794,2.671665,2.576599,0,0.054000,1.000000,1.185587
2024-11,HUB_VINHLONG,COM_SWEET_POTATO,VINHLONG_POST2025,Vĩnh Long,harmonized_post_2025,44,306.211689,6959.356571,2.671665,2.576599,0,0.054000,1.000000,0.930479
2024-11,HUB_VINHLONG,COM_VEGETABLE,VINHLONG_POST2025,Vĩnh Long,harmonized_post_2025,30,89.375079,2979.169289,2.671665,2.576599,0,0.054000,1.000000,1.100832
2024-11,HUB_VITHANH,COM_PANGASIUS,CANTHO_POST2025,Cần Thơ,harmonized_post_2025,14,66.369263,4740.661623,2.889786,2.475695,0,0.066000,1.000000,0.980656
2024-11,HUB_VITHANH,COM_PINEAPPLE,CANTHO_POST2025,Cần Thơ,harmonized_post_2025,46,285.542553,6207.446804,2.889786,2.475695,0,0.066000,1.000000,0.973101
2024-11,HUB_VITHANH,COM_RICE,CANTHO_POST2025,Cần Thơ,harmonized_post_2025,54,434.352497,8043.564754,2.889786,2.475695,0,0.066000,1.000000,1.053631
2024-11,HUB_VITHANH,COM_SUGARCANE,CANTHO_POST2025,Cần Thơ,harmonized_post_2025,63,1190.866800,18902.647621,2.889786,2.475695,0,0.066000,1.000000,1.300280
2024-11,HUB_VITHANH,COM_VEGETABLE,CANTHO_POST2025,Cần Thơ,harmonized_post_2025,16,46.152230,2884.514376,2.889786,2.475695,0,0.066000,1.000000,1.118276
2024-12,HUB_LONGXUYEN,COM_PANGASIUS,ANGIANG_POST2025,An Giang,harmonized_post_2025,37,167.932495,4538.716087,0.545612,2.404052,0,0.045000,1.000000,0.925232
2024-12,HUB_LONGXUYEN,COM_RICE,ANGIANG_POST2025,An Giang,harmonized_post_2025,110,901.592154,8196.292309,0.545612,2.404052,0,0.045000,1.000000,0.972742
2024-12,HUB_LONGXUYEN,COM_SWEET_POTATO,ANGIANG_POST2025,An Giang,harmonized_post_2025,21,182.553222,8693.010584,0.545612,2.404052,0,0.045000,1.000000,0.856104
2024-12,HUB_LONGXUYEN,COM_VEGETABLE,ANGIANG_POST2025,An Giang,harmonized_post_2025,22,80.777564,3671.707449,0.545612,2.404052,0,0.045000,1.000000,1.085302
2024-12,HUB_SOCTRANG,COM_PURPLE_ONION,CANTHO_POST2025,Cần Thơ,harmonized_post_2025,46,223.836873,4866.018988,0.586720,1.901562,0,0.250000,1.000000,1.231992
2024-12,HUB_SOCTRANG,COM_RICE,CANTHO_POST2025,Cần Thơ,harmonized_post_2025,42,373.766299,8899.197597,0.586720,1.901562,0,0.250000,1.000000,0.964420
2024-12,HUB_SOCTRANG,COM_SHRIMP,CANTHO_POST2025,Cần Thơ,harmonized_post_2025,53,162.596080,3067.850571,0.586720,1.901562,0,0.250000,1.000000,0.748683
2024-12,HUB_SOCTRANG,COM_VEGETABLE,CANTHO_POST2025,Cần Thơ,harmonized_post_2025,25,62.817957,2512.718284,0.586720,1.901562,0,0.250000,1.000000,1.076979
2024-12,HUB_VINHLONG,COM_ORANGE,VINHLONG_POST2025,Vĩnh Long,harmonized_post_2025,59,298.718022,5063.017316,0.528636,2.206657,0,0.112500,1.000000,1.113452
2024-12,HUB_VINHLONG,COM_POMELO,VINHLONG_POST2025,Vĩnh Long,harmonized_post_2025,56,342.615436,6118.132789,0.528636,2.206657,0,0.112500,1.000000,1.044003
2024-12,HUB_VINHLONG,COM_SWEET_POTATO,VINHLONG_POST2025,Vĩnh Long,harmonized_post_2025,51,390.089079,7648.805465,0.528636,2.206657,0,0.112500,1.000000,0.868888
2024-12,HUB_VINHLONG,COM_VEGETABLE,VINHLONG_POST2025,Vĩnh Long,harmonized_post_2025,40,105.415158,2635.378961,0.528636,2.206657,0,0.112500,1.000000,1.098085
2024-12,HUB_VITHANH,COM_PANGASIUS,CANTHO_POST2025,Cần Thơ,harmonized_post_2025,19,72.788108,3830.953042,0.571143,2.104479,0,0.137500,1.000000,0.955478
2024-12,HUB_VITHANH,COM_PINEAPPLE,CANTHO_POST2025,Cần Thơ,harmonized_post_2025,44,271.461959,6169.589973,0.571143,2.104479,0,0.137500,1.000000,0.921239
2024-12,HUB_VITHANH,COM_RICE,CANTHO_POST2025,Cần Thơ,harmonized_post_2025,49,457.795047,9342.756064,0.571143,2.104479,0,0.137500,1.000000,1.002988
2024-12,HUB_VITHANH,COM_SUGARCANE,CANTHO_POST2025,Cần Thơ,harmonized_post_2025,72,1406.011352,19527.935443,0.571143,2.104479,0,0.137500,1.000000,1.235790
2024-12,HUB_VITHANH,COM_VEGETABLE,CANTHO_POST2025,Cần Thơ,harmonized_post_2025,23,64.838842,2819.080097,0.571143,2.104479,0,0.137500,1.000000,1.115548
2025-01,HUB_LONGXUYEN,COM_PANGASIUS,ANGIANG_POST2025,An Giang,harmonized_post_2025,48,223.472210,4655.671032,0.383342,2.103028,0,0.099000,1.040000,0.911013
2025-01,HUB_LONGXUYEN,COM_RICE,ANGIANG_POST2025,An Giang,harmonized_post_2025,92,781.186841,8491.161318,0.383342,2.103028,0,0.099000,1.040000,0.831398
2025-01,HUB_LONGXUYEN,COM_SWEET_POTATO,ANGIANG_POST2025,An Giang,harmonized_post_2025,37,309.075812,8353.400318,0.383342,2.103028,0,0.099000,1.040000,1.025552
2025-01,HUB_LONGXUYEN,COM_VEGETABLE,ANGIANG_POST2025,An Giang,harmonized_post_2025,29,81.884697,2823.610227,0.383342,2.103028,0,0.099000,1.040000,1.041280
2025-01,HUB_SOCTRANG,COM_PURPLE_ONION,CANTHO_POST2025,Cần Thơ,harmonized_post_2025,59,296.094020,5018.542706,0.433470,1.603573,0,0.550000,1.040000,1.172993
2025-01,HUB_SOCTRANG,COM_RICE,CANTHO_POST2025,Cần Thơ,harmonized_post_2025,55,487.195861,8858.106560,0.433470,1.603573,0,0.550000,1.040000,0.817022
2025-01,HUB_SOCTRANG,COM_SHRIMP,CANTHO_POST2025,Cần Thơ,harmonized_post_2025,57,196.118812,3440.680909,0.433470,1.603573,0,0.550000,1.040000,0.731639
2025-01,HUB_SOCTRANG,COM_VEGETABLE,CANTHO_POST2025,Cần Thơ,harmonized_post_2025,30,93.930213,3131.007087,0.433470,1.603573,0,0.550000,1.040000,1.026904
2025-01,HUB_VINHLONG,COM_ORANGE,VINHLONG_POST2025,Vĩnh Long,harmonized_post_2025,49,276.820724,5649.402527,0.376112,1.903710,0,0.247500,1.040000,1.008642
2025-01,HUB_VINHLONG,COM_POMELO,VINHLONG_POST2025,Vĩnh Long,harmonized_post_2025,31,166.699260,5377.395476,0.376112,1.903710,0,0.247500,1.040000,0.837007
2025-01,HUB_VINHLONG,COM_SWEET_POTATO,VINHLONG_POST2025,Vĩnh Long,harmonized_post_2025,53,410.820513,7751.330435,0.376112,1.903710,0,0.247500,1.040000,1.014557
2025-01,HUB_VINHLONG,COM_VEGETABLE,VINHLONG_POST2025,Vĩnh Long,harmonized_post_2025,36,101.984720,2832.908896,0.376112,1.903710,0,0.247500,1.040000,1.030285
2025-01,HUB_VITHANH,COM_PANGASIUS,CANTHO_POST2025,Cần Thơ,harmonized_post_2025,21,100.957603,4807.504919,0.398797,1.806087,0,0.302500,1.040000,0.920456
2025-01,HUB_VITHANH,COM_PINEAPPLE,CANTHO_POST2025,Cần Thơ,harmonized_post_2025,44,284.269249,6460.664757,0.398797,1.806087,0,0.302500,1.040000,0.886851
2025-01,HUB_VITHANH,COM_RICE,CANTHO_POST2025,Cần Thơ,harmonized_post_2025,55,495.535076,9009.728652,0.398797,1.806087,0,0.302500,1.040000,0.840841
2025-01,HUB_VITHANH,COM_SUGARCANE,CANTHO_POST2025,Cần Thơ,harmonized_post_2025,53,1009.924441,19055.178128,0.398797,1.806087,0,0.302500,1.040000,1.054720
2025-01,HUB_VITHANH,COM_VEGETABLE,CANTHO_POST2025,Cần Thơ,harmonized_post_2025,16,49.508148,3094.259267,0.398797,1.806087,0,0.302500,1.040000,1.050723
2025-02,HUB_LONGXUYEN,COM_PANGASIUS,ANGIANG_POST2025,An Giang,harmonized_post_2025,53,236.089321,4454.515497,0.359665,2.033026,0,0.153000,1.040000,0.925010
2025-02,HUB_LONGXUYEN,COM_RICE,ANGIANG_POST2025,An Giang,harmonized_post_2025,89,773.571835,8691.818368,0.359665,2.033026,0,0.153000,1.040000,1.015383
2025-02,HUB_LONGXUYEN,COM_SWEET_POTATO,ANGIANG_POST2025,An Giang,harmonized_post_2025,23,138.153762,6006.685318,0.359665,2.033026,0,0.153000,1.040000,1.090351
2025-02,HUB_LONGXUYEN,COM_VEGETABLE,ANGIANG_POST2025,An Giang,harmonized_post_2025,15,39.994278,2666.285228,0.359665,2.033026,0,0.153000,1.040000,1.024935
2025-02,HUB_SOCTRANG,COM_PURPLE_ONION,CANTHO_POST2025,Cần Thơ,harmonized_post_2025,46,195.281400,4245.247823,0.378384,1.533379,0,0.850000,1.040000,1.117630
2025-02,HUB_SOCTRANG,COM_RICE,CANTHO_POST2025,Cần Thơ,harmonized_post_2025,46,438.033984,9522.477918,0.378384,1.533379,0,0.850000,1.040000,0.991952
2025-02,HUB_SOCTRANG,COM_SHRIMP,CANTHO_POST2025,Cần Thơ,harmonized_post_2025,51,170.904222,3351.063172,0.378384,1.533379,0,0.850000,1.040000,0.761021
2025-02,HUB_SOCTRANG,COM_VEGETABLE,CANTHO_POST2025,Cần Thơ,harmonized_post_2025,28,74.488316,2660.297014,0.378384,1.533379,0,0.850000,1.040000,1.001504
2025-02,HUB_VINHLONG,COM_ORANGE,VINHLONG_POST2025,Vĩnh Long,harmonized_post_2025,44,208.844422,4746.464142,0.354567,1.833876,0,0.382500,1.040000,0.979411
2025-02,HUB_VINHLONG,COM_POMELO,VINHLONG_POST2025,Vĩnh Long,harmonized_post_2025,30,153.999381,5133.312700,0.354567,1.833876,0,0.382500,1.040000,0.802900
2025-02,HUB_VINHLONG,COM_SWEET_POTATO,VINHLONG_POST2025,Vĩnh Long,harmonized_post_2025,52,389.539940,7491.152694,0.354567,1.833876,0,0.382500,1.040000,1.064400
2025-02,HUB_VINHLONG,COM_VEGETABLE,VINHLONG_POST2025,Vĩnh Long,harmonized_post_2025,31,80.675817,2602.445701,0.354567,1.833876,0,0.382500,1.040000,0.998984
2025-02,HUB_VITHANH,COM_PANGASIUS,CANTHO_POST2025,Cần Thơ,harmonized_post_2025,12,48.167325,4013.943760,0.363446,1.731204,0,0.467500,1.040000,0.916551
2025-02,HUB_VITHANH,COM_PINEAPPLE,CANTHO_POST2025,Cần Thơ,harmonized_post_2025,46,271.402931,5900.063717,0.363446,1.731204,0,0.467500,1.040000,0.884215
2025-02,HUB_VITHANH,COM_RICE,CANTHO_POST2025,Cần Thơ,harmonized_post_2025,45,375.309491,8340.210909,0.363446,1.731204,0,0.467500,1.040000,1.006924
2025-02,HUB_VITHANH,COM_SUGARCANE,CANTHO_POST2025,Cần Thơ,harmonized_post_2025,46,758.959936,16499.129038,0.363446,1.731204,0,0.467500,1.040000,0.948148
2025-02,HUB_VITHANH,COM_VEGETABLE,CANTHO_POST2025,Cần Thơ,harmonized_post_2025,8,24.902225,3112.778082,0.363446,1.731204,0,0.467500,1.040000,1.016476
2025-03,HUB_LONGXUYEN,COM_PANGASIUS,ANGIANG_POST2025,An Giang,harmonized_post_2025,55,255.979090,4654.165279,0.366721,2.003584,0,0.180000,1.040000,0.967577
2025-03,HUB_LONGXUYEN,COM_RICE,ANGIANG_POST2025,An Giang,harmonized_post_2025,112,1061.364269,9476.466687,0.366721,2.003584,0,0.180000,1.040000,1.130586
2025-03,HUB_LONGXUYEN,COM_SWEET_POTATO,ANGIANG_POST2025,An Giang,harmonized_post_2025,23,184.326227,8014.183768,0.366721,2.003584,0,0.180000,1.040000,0.888148
2025-03,HUB_LONGXUYEN,COM_VEGETABLE,ANGIANG_POST2025,An Giang,harmonized_post_2025,19,61.026295,3211.910242,0.366721,2.003584,0,0.180000,1.040000,0.989657
2025-03,HUB_SOCTRANG,COM_PURPLE_ONION,CANTHO_POST2025,Cần Thơ,harmonized_post_2025,60,281.480340,4691.338992,0.386909,1.502702,0,1.000000,1.040000,1.046150
2025-03,HUB_SOCTRANG,COM_RICE,CANTHO_POST2025,Cần Thơ,harmonized_post_2025,52,447.642015,8608.500286,0.386909,1.502702,0,1.000000,1.040000,1.109994
2025-03,HUB_SOCTRANG,COM_SHRIMP,CANTHO_POST2025,Cần Thơ,harmonized_post_2025,49,159.059083,3246.103736,0.386909,1.502702,0,1.000000,1.040000,0.834117
2025-03,HUB_SOCTRANG,COM_VEGETABLE,CANTHO_POST2025,Cần Thơ,harmonized_post_2025,25,66.765459,2670.618377,0.386909,1.502702,0,1.000000,1.040000,0.969064
2025-03,HUB_VINHLONG,COM_ORANGE,VINHLONG_POST2025,Vĩnh Long,harmonized_post_2025,44,205.726465,4675.601477,0.362603,1.804426,0,0.450000,1.040000,0.904590
2025-03,HUB_VINHLONG,COM_POMELO,VINHLONG_POST2025,Vĩnh Long,harmonized_post_2025,33,193.272300,5856.736362,0.362603,1.804426,0,0.450000,1.040000,0.772565
2025-03,HUB_VINHLONG,COM_SWEET_POTATO,VINHLONG_POST2025,Vĩnh Long,harmonized_post_2025,39,281.117507,7208.141201,0.362603,1.804426,0,0.450000,1.040000,0.853242
2025-03,HUB_VINHLONG,COM_VEGETABLE,VINHLONG_POST2025,Vĩnh Long,harmonized_post_2025,24,65.354221,2723.092522,0.362603,1.804426,0,0.450000,1.040000,0.954750
2025-03,HUB_VITHANH,COM_PANGASIUS,CANTHO_POST2025,Cần Thơ,harmonized_post_2025,20,83.758784,4187.939223,0.384555,1.703728,0,0.550000,1.040000,0.944266
2025-03,HUB_VITHANH,COM_PINEAPPLE,CANTHO_POST2025,Cần Thơ,harmonized_post_2025,56,301.771720,5388.780708,0.384555,1.703728,0,0.550000,1.040000,0.912816
2025-03,HUB_VITHANH,COM_RICE,CANTHO_POST2025,Cần Thơ,harmonized_post_2025,60,571.473025,9524.550416,0.384555,1.703728,0,0.550000,1.040000,1.107275
2025-03,HUB_VITHANH,COM_SUGARCANE,CANTHO_POST2025,Cần Thơ,harmonized_post_2025,50,848.872537,16977.450737,0.384555,1.703728,0,0.550000,1.040000,0.841233
2025-03,HUB_VITHANH,COM_VEGETABLE,CANTHO_POST2025,Cần Thơ,harmonized_post_2025,20,65.654005,3282.700229,0.384555,1.703728,0,0.550000,1.040000,0.966345
2025-04,HUB_LONGXUYEN,COM_PANGASIUS,ANGIANG_POST2025,An Giang,harmonized_post_2025,65,292.808111,4504.740168,0.902350,2.108945,0,0.162000,1.040000,0.992714
2025-04,HUB_LONGXUYEN,COM_RICE,ANGIANG_POST2025,An Giang,harmonized_post_2025,106,968.913363,9140.692100,0.902350,2.108945,0,0.162000,1.040000,1.033493
2025-04,HUB_LONGXUYEN,COM_SWEET_POTATO,ANGIANG_POST2025,An Giang,harmonized_post_2025,27,202.612354,7504.161264,0.902350,2.108945,0,0.162000,1.040000,0.889496
2025-04,HUB_LONGXUYEN,COM_VEGETABLE,ANGIANG_POST2025,An Giang,harmonized_post_2025,14,39.043901,2788.850047,0.902350,2.108945,0,0.162000,1.040000,0.946347
2025-04,HUB_SOCTRANG,COM_PURPLE_ONION,CANTHO_POST2025,Cần Thơ,harmonized_post_2025,47,228.387719,4859.313180,0.991180,1.606909,0,0.900000,1.040000,0.902836
2025-04,HUB_SOCTRANG,COM_RICE,CANTHO_POST2025,Cần Thơ,harmonized_post_2025,66,585.765442,8875.233967,0.991180,1.606909,0,0.900000,1.040000,1.030684
2025-04,HUB_SOCTRANG,COM_SHRIMP,CANTHO_POST2025,Cần Thơ,harmonized_post_2025,55,176.115089,3202.092526,0.991180,1.606909,0,0.900000,1.040000,0.960315
2025-04,HUB_SOCTRANG,COM_VEGETABLE,CANTHO_POST2025,Cần Thơ,harmonized_post_2025,21,66.038484,3144.689705,0.991180,1.606909,0,0.900000,1.040000,0.943538
2025-04,HUB_VINHLONG,COM_ORANGE,VINHLONG_POST2025,Vĩnh Long,harmonized_post_2025,30,153.748879,5124.962627,0.891255,1.906882,0,0.405000,1.040000,0.851671
2025-04,HUB_VINHLONG,COM_POMELO,VINHLONG_POST2025,Vĩnh Long,harmonized_post_2025,34,177.048072,5207.296244,0.891255,1.906882,0,0.405000,1.040000,0.793444
2025-04,HUB_VINHLONG,COM_SWEET_POTATO,VINHLONG_POST2025,Vĩnh Long,harmonized_post_2025,29,209.633959,7228.757216,0.891255,1.906882,0,0.405000,1.040000,0.863546
2025-04,HUB_VINHLONG,COM_VEGETABLE,VINHLONG_POST2025,Vĩnh Long,harmonized_post_2025,31,89.043227,2872.362159,0.891255,1.906882,0,0.405000,1.040000,0.920396
2025-04,HUB_VITHANH,COM_PANGASIUS,CANTHO_POST2025,Cần Thơ,harmonized_post_2025,21,103.542358,4930.588456,0.957882,1.807344,0,0.495000,1.040000,0.969501
2025-04,HUB_VITHANH,COM_PINEAPPLE,CANTHO_POST2025,Cần Thơ,harmonized_post_2025,45,273.616132,6080.358493,0.957882,1.807344,0,0.495000,1.040000,0.985670
2025-04,HUB_VITHANH,COM_RICE,CANTHO_POST2025,Cần Thơ,harmonized_post_2025,39,418.441653,10729.273147,0.957882,1.807344,0,0.495000,1.040000,1.010280
2025-04,HUB_VITHANH,COM_SUGARCANE,CANTHO_POST2025,Cần Thơ,harmonized_post_2025,29,506.071050,17450.725863,0.957882,1.807344,0,0.495000,1.040000,0.795068
2025-04,HUB_VITHANH,COM_VEGETABLE,CANTHO_POST2025,Cần Thơ,harmonized_post_2025,12,37.178093,3098.174410,0.957882,1.807344,0,0.495000,1.040000,0.923134
2025-05,HUB_LONGXUYEN,COM_PANGASIUS,ANGIANG_POST2025,An Giang,harmonized_post_2025,54,224.636108,4159.927930,2.145998,2.320333,0,0.090000,1.040000,1.039031
2025-05,HUB_LONGXUYEN,COM_RICE,ANGIANG_POST2025,An Giang,harmonized_post_2025,100,964.375823,9643.758228,2.145998,2.320333,0,0.090000,1.040000,0.892239
2025-05,HUB_LONGXUYEN,COM_SWEET_POTATO,ANGIANG_POST2025,An Giang,harmonized_post_2025,26,175.231635,6739.678262,2.145998,2.320333,0,0.090000,1.040000,1.078938
2025-05,HUB_LONGXUYEN,COM_VEGETABLE,ANGIANG_POST2025,An Giang,harmonized_post_2025,28,83.985801,2999.492901,2.145998,2.320333,0,0.090000,1.040000,0.925369
2025-05,HUB_SOCTRANG,COM_PURPLE_ONION,CANTHO_POST2025,Cần Thơ,harmonized_post_2025,40,172.021727,4300.543179,2.344315,1.821181,0,0.500000,1.040000,0.858693
2025-05,HUB_SOCTRANG,COM_RICE,CANTHO_POST2025,Cần Thơ,harmonized_post_2025,49,436.748879,8913.242419,2.344315,1.821181,0,0.500000,1.040000,0.910215
2025-05,HUB_SOCTRANG,COM_SHRIMP,CANTHO_POST2025,Cần Thơ,harmonized_post_2025,71,241.299875,3398.589793,2.344315,1.821181,0,0.500000,1.040000,1.164617
2025-05,HUB_SOCTRANG,COM_VEGETABLE,CANTHO_POST2025,Cần Thơ,harmonized_post_2025,22,56.487104,2567.595645,2.344315,1.821181,0,0.500000,1.040000,0.943345
2025-05,HUB_VINHLONG,COM_ORANGE,VINHLONG_POST2025,Vĩnh Long,harmonized_post_2025,52,294.132008,5656.384765,2.111209,2.119223,0,0.225000,1.040000,0.848239
2025-05,HUB_VINHLONG,COM_POMELO,VINHLONG_POST2025,Vĩnh Long,harmonized_post_2025,49,290.771645,5934.115203,2.111209,2.119223,0,0.225000,1.040000,0.842292
2025-05,HUB_VINHLONG,COM_SWEET_POTATO,VINHLONG_POST2025,Vĩnh Long,harmonized_post_2025,42,328.080102,7811.431009,2.111209,2.119223,0,0.225000,1.040000,1.067899
2025-05,HUB_VINHLONG,COM_VEGETABLE,VINHLONG_POST2025,Vĩnh Long,harmonized_post_2025,31,89.798771,2896.734543,2.111209,2.119223,0,0.225000,1.040000,0.914330
2025-05,HUB_VITHANH,COM_PANGASIUS,CANTHO_POST2025,Cần Thơ,harmonized_post_2025,18,75.450243,4191.680139,2.266444,2.018948,0,0.275000,1.040000,1.021867
2025-05,HUB_VITHANH,COM_PINEAPPLE,CANTHO_POST2025,Cần Thơ,harmonized_post_2025,43,262.425416,6102.916654,2.266444,2.018948,0,0.275000,1.040000,1.037976
2025-05,HUB_VITHANH,COM_RICE,CANTHO_POST2025,Cần Thơ,harmonized_post_2025,46,408.883343,8888.768332,2.266444,2.018948,0,0.275000,1.040000,0.875075
2025-05,HUB_VITHANH,COM_SUGARCANE,CANTHO_POST2025,Cần Thơ,harmonized_post_2025,43,795.311362,18495.613059,2.266444,2.018948,0,0.275000,1.040000,0.789076
2025-05,HUB_VITHANH,COM_VEGETABLE,CANTHO_POST2025,Cần Thơ,harmonized_post_2025,8,23.301228,2912.653500,2.266444,2.018948,0,0.275000,1.040000,0.908205
2025-06,HUB_LONGXUYEN,COM_PANGASIUS,ANGIANG_POST2025,An Giang,harmonized_post_2025,51,218.269206,4279.788349,3.739633,2.537321,0,0.036000,1.040000,1.063697
2025-06,HUB_LONGXUYEN,COM_RICE,ANGIANG_POST2025,An Giang,harmonized_post_2025,96,836.388134,8712.376391,3.739633,2.537321,0,0.036000,1.040000,0.891816
2025-06,HUB_LONGXUYEN,COM_SWEET_POTATO,ANGIANG_POST2025,An Giang,harmonized_post_2025,27,168.828668,6252.913624,3.739633,2.537321,0,0.036000,1.040000,1.153921
2025-06,HUB_LONGXUYEN,COM_VEGETABLE,ANGIANG_POST2025,An Giang,harmonized_post_2025,11,31.359428,2850.857100,3.739633,2.537321,0,0.036000,1.040000,0.907924
2025-06,HUB_SOCTRANG,COM_PURPLE_ONION,CANTHO_POST2025,Cần Thơ,harmonized_post_2025,32,159.560544,4986.266991,4.105287,2.035487,0,0.200000,1.040000,0.859020
2025-06,HUB_SOCTRANG,COM_RICE,CANTHO_POST2025,Cần Thơ,harmonized_post_2025,68,607.676295,8936.416102,4.105287,2.035487,0,0.200000,1.040000,0.918684
2025-06,HUB_SOCTRANG,COM_SHRIMP,CANTHO_POST2025,Cần Thơ,harmonized_post_2025,46,148.447487,3227.119282,4.105287,2.035487,0,0.200000,1.040000,1.271558
2025-06,HUB_SOCTRANG,COM_VEGETABLE,CANTHO_POST2025,Cần Thơ,harmonized_post_2025,16,43.799613,2737.475787,4.105287,2.035487,0,0.200000,1.040000,0.934792
2025-06,HUB_VINHLONG,COM_ORANGE,VINHLONG_POST2025,Vĩnh Long,harmonized_post_2025,24,101.023125,4209.296893,3.666102,2.335378,0,0.090000,1.040000,0.877360
2025-06,HUB_VINHLONG,COM_POMELO,VINHLONG_POST2025,Vĩnh Long,harmonized_post_2025,49,252.400716,5151.035023,3.666102,2.335378,0,0.090000,1.040000,0.923794
2025-06,HUB_VINHLONG,COM_SWEET_POTATO,VINHLONG_POST2025,Vĩnh Long,harmonized_post_2025,57,422.657339,7415.041041,3.666102,2.335378,0,0.090000,1.040000,1.157704
2025-06,HUB_VINHLONG,COM_VEGETABLE,VINHLONG_POST2025,Vĩnh Long,harmonized_post_2025,24,64.401835,2683.409784,3.666102,2.335378,0,0.090000,1.040000,0.911707
2025-06,HUB_VITHANH,COM_PANGASIUS,CANTHO_POST2025,Cần Thơ,harmonized_post_2025,21,94.840018,4516.191349,3.947458,2.234836,0,0.110000,1.040000,1.052484
2025-06,HUB_VITHANH,COM_PINEAPPLE,CANTHO_POST2025,Cần Thơ,harmonized_post_2025,53,307.087156,5794.097276,3.947458,2.234836,0,0.110000,1.040000,1.093697
2025-06,HUB_VITHANH,COM_RICE,CANTHO_POST2025,Cần Thơ,harmonized_post_2025,47,388.783847,8271.996749,3.947458,2.234836,0,0.110000,1.040000,0.880603
2025-06,HUB_VITHANH,COM_SUGARCANE,CANTHO_POST2025,Cần Thơ,harmonized_post_2025,45,785.742243,17460.938732,3.947458,2.234836,0,0.110000,1.040000,0.815153
2025-06,HUB_VITHANH,COM_VEGETABLE,CANTHO_POST2025,Cần Thơ,harmonized_post_2025,18,50.985195,2832.510819,3.947458,2.234836,0,0.110000,1.040000,0.896711
2025-07,HUB_LONGXUYEN,COM_PANGASIUS,ANGIANG_POST2025,An Giang,harmonized_post_2025,58,257.841615,4445.545081,5.222916,2.702499,0,0.021600,1.040000,1.095996
2025-07,HUB_LONGXUYEN,COM_RICE,ANGIANG_POST2025,An Giang,harmonized_post_2025,98,935.027322,9541.095126,5.222916,2.702499,0,0.021600,1.040000,1.136010
2025-07,HUB_LONGXUYEN,COM_SWEET_POTATO,ANGIANG_POST2025,An Giang,harmonized_post_2025,21,136.966056,6522.193147,5.222916,2.702499,0,0.021600,1.040000,0.979892
2025-07,HUB_LONGXUYEN,COM_VEGETABLE,ANGIANG_POST2025,An Giang,harmonized_post_2025,11,36.010299,3273.663589,5.222916,2.702499,0,0.021600,1.040000,0.940222
2025-07,HUB_SOCTRANG,COM_PURPLE_ONION,CANTHO_POST2025,Cần Thơ,harmonized_post_2025,39,177.013887,4538.817626,5.723080,2.199350,0,0.120000,1.040000,0.885456
2025-07,HUB_SOCTRANG,COM_RICE,CANTHO_POST2025,Cần Thơ,harmonized_post_2025,66,644.449365,9764.384320,5.723080,2.199350,0,0.120000,1.040000,1.150824
2025-07,HUB_SOCTRANG,COM_SHRIMP,CANTHO_POST2025,Cần Thơ,harmonized_post_2025,69,215.680537,3125.804882,5.723080,2.199350,0,0.120000,1.040000,1.330128
2025-07,HUB_SOCTRANG,COM_VEGETABLE,CANTHO_POST2025,Cần Thơ,harmonized_post_2025,29,88.501151,3051.763845,5.723080,2.199350,0,0.120000,1.040000,0.955036
2025-07,HUB_VINHLONG,COM_ORANGE,VINHLONG_POST2025,Vĩnh Long,harmonized_post_2025,35,167.995253,4799.864368,5.119992,2.499659,0,0.054000,1.040000,0.936582
2025-07,HUB_VINHLONG,COM_POMELO,VINHLONG_POST2025,Vĩnh Long,harmonized_post_2025,45,295.686849,6570.818859,5.119992,2.499659,0,0.054000,1.040000,1.030307
2025-07,HUB_VINHLONG,COM_SWEET_POTATO,VINHLONG_POST2025,Vĩnh Long,harmonized_post_2025,40,300.758204,7518.955104,5.119992,2.499659,0,0.054000,1.040000,0.980498
2025-07,HUB_VINHLONG,COM_VEGETABLE,VINHLONG_POST2025,Vĩnh Long,harmonized_post_2025,23,63.374193,2755.399708,5.119992,2.499659,0,0.054000,1.040000,0.940828
2025-07,HUB_VITHANH,COM_PANGASIUS,CANTHO_POST2025,Cần Thơ,harmonized_post_2025,14,60.693222,4335.230166,5.528413,2.401970,0,0.066000,1.040000,1.075684
2025-07,HUB_VITHANH,COM_PINEAPPLE,CANTHO_POST2025,Cần Thơ,harmonized_post_2025,38,229.840656,6048.438321,5.528413,2.401970,0,0.066000,1.040000,1.116897
2025-07,HUB_VITHANH,COM_RICE,CANTHO_POST2025,Cần Thơ,harmonized_post_2025,54,454.715375,8420.655096,5.528413,2.401970,0,0.066000,1.040000,1.115699
2025-07,HUB_VITHANH,COM_SUGARCANE,CANTHO_POST2025,Cần Thơ,harmonized_post_2025,41,702.962081,17145.416616,5.528413,2.401970,0,0.066000,1.040000,0.862639
2025-07,HUB_VITHANH,COM_VEGETABLE,CANTHO_POST2025,Cần Thơ,harmonized_post_2025,10,19.819310,1981.931008,5.528413,2.401970,0,0.066000,1.040000,0.919911
2025-08,HUB_LONGXUYEN,COM_PANGASIUS,ANGIANG_POST2025,An Giang,harmonized_post_2025,39,162.163920,4158.049237,7.062603,2.895379,0,0.018000,1.040000,1.098547
2025-08,HUB_LONGXUYEN,COM_RICE,ANGIANG_POST2025,An Giang,harmonized_post_2025,95,840.395283,8846.266133,7.062603,2.895379,0,0.018000,1.040000,1.194432
2025-08,HUB_LONGXUYEN,COM_SWEET_POTATO,ANGIANG_POST2025,An Giang,harmonized_post_2025,12,76.508835,6375.736265,7.062603,2.895379,0,0.018000,1.040000,0.960770
2025-08,HUB_LONGXUYEN,COM_VEGETABLE,ANGIANG_POST2025,An Giang,harmonized_post_2025,16,43.549608,2721.850510,7.062603,2.895379,0,0.018000,1.040000,0.984885
2025-08,HUB_SOCTRANG,COM_PURPLE_ONION,CANTHO_POST2025,Cần Thơ,harmonized_post_2025,37,177.966787,4809.913158,7.735417,2.397939,0,0.100000,1.040000,0.919437
2025-08,HUB_SOCTRANG,COM_RICE,CANTHO_POST2025,Cần Thơ,harmonized_post_2025,63,491.697882,7804.728286,7.735417,2.397939,0,0.100000,1.040000,1.200299
2025-08,HUB_SOCTRANG,COM_SHRIMP,CANTHO_POST2025,Cần Thơ,harmonized_post_2025,58,185.592342,3199.867957,7.735417,2.397939,0,0.100000,1.040000,1.285839
2025-08,HUB_SOCTRANG,COM_VEGETABLE,CANTHO_POST2025,Cần Thơ,harmonized_post_2025,34,89.504254,2632.478061,7.735417,2.397939,0,0.100000,1.040000,0.990752
2025-08,HUB_VINHLONG,COM_ORANGE,VINHLONG_POST2025,Vĩnh Long,harmonized_post_2025,41,208.874073,5094.489586,6.930331,2.699275,0,0.045000,1.040000,1.009882
2025-08,HUB_VINHLONG,COM_POMELO,VINHLONG_POST2025,Vĩnh Long,harmonized_post_2025,43,256.720500,5970.244185,6.930331,2.699275,0,0.045000,1.040000,1.176463
2025-08,HUB_VINHLONG,COM_SWEET_POTATO,VINHLONG_POST2025,Vĩnh Long,harmonized_post_2025,55,374.038637,6800.702500,6.930331,2.699275,0,0.045000,1.040000,0.967198
2025-08,HUB_VINHLONG,COM_VEGETABLE,VINHLONG_POST2025,Vĩnh Long,harmonized_post_2025,19,62.569020,3293.106335,6.930331,2.699275,0,0.045000,1.040000,0.991314
2025-08,HUB_VITHANH,COM_PANGASIUS,CANTHO_POST2025,Cần Thơ,harmonized_post_2025,14,68.580317,4898.594105,7.468783,2.597419,0,0.055000,1.040000,1.081088
2025-08,HUB_VITHANH,COM_PINEAPPLE,CANTHO_POST2025,Cần Thơ,harmonized_post_2025,43,239.117968,5560.882988,7.468783,2.597419,0,0.055000,1.040000,1.097197
2025-08,HUB_VITHANH,COM_RICE,CANTHO_POST2025,Cần Thơ,harmonized_post_2025,60,496.151828,8269.197134,7.468783,2.597419,0,0.055000,1.040000,1.176973
2025-08,HUB_VITHANH,COM_SUGARCANE,CANTHO_POST2025,Cần Thơ,harmonized_post_2025,42,825.482432,19654.343623,7.468783,2.597419,0,0.055000,1.040000,0.951267
2025-08,HUB_VITHANH,COM_VEGETABLE,CANTHO_POST2025,Cần Thơ,harmonized_post_2025,8,21.018916,2627.364562,7.468783,2.597419,0,0.055000,1.040000,0.967426
2025-09,HUB_LONGXUYEN,COM_PANGASIUS,ANGIANG_POST2025,An Giang,harmonized_post_2025,32,151.699214,4740.600424,7.079659,3.066418,0,0.014400,1.040000,1.035149
2025-09,HUB_LONGXUYEN,COM_RICE,ANGIANG_POST2025,An Giang,harmonized_post_2025,80,638.398505,7979.981310,7.079659,3.066418,0,0.014400,1.040000,0.975110
2025-09,HUB_LONGXUYEN,COM_SWEET_POTATO,ANGIANG_POST2025,An Giang,harmonized_post_2025,23,192.756225,8380.705416,7.079659,3.066418,0,0.014400,1.040000,1.074661
2025-09,HUB_LONGXUYEN,COM_VEGETABLE,ANGIANG_POST2025,An Giang,harmonized_post_2025,18,56.342971,3130.165062,7.079659,3.066418,0,0.014400,1.040000,1.022509
2025-09,HUB_SOCTRANG,COM_PURPLE_ONION,CANTHO_POST2025,Cần Thơ,harmonized_post_2025,36,167.249399,4645.816644,7.772705,2.566859,0,0.080000,1.040000,0.949065
2025-09,HUB_SOCTRANG,COM_RICE,CANTHO_POST2025,Cần Thơ,harmonized_post_2025,50,513.189595,10263.791902,7.772705,2.566859,0,0.080000,1.040000,0.984193
2025-09,HUB_SOCTRANG,COM_SHRIMP,CANTHO_POST2025,Cần Thơ,harmonized_post_2025,61,220.459992,3614.098228,7.772705,2.566859,0,0.080000,1.040000,1.151861
2025-09,HUB_SOCTRANG,COM_VEGETABLE,CANTHO_POST2025,Cần Thơ,harmonized_post_2025,20,62.097387,3104.869365,7.772705,2.566859,0,0.080000,1.040000,1.031593
2025-09,HUB_VINHLONG,COM_ORANGE,VINHLONG_POST2025,Vĩnh Long,harmonized_post_2025,45,222.261332,4939.140717,6.939933,2.868163,0,0.036000,1.040000,1.095214
2025-09,HUB_VINHLONG,COM_POMELO,VINHLONG_POST2025,Vĩnh Long,harmonized_post_2025,53,305.091859,5756.450176,6.939933,2.868163,0,0.036000,1.040000,1.279557
2025-09,HUB_VINHLONG,COM_SWEET_POTATO,VINHLONG_POST2025,Vĩnh Long,harmonized_post_2025,38,274.159339,7214.719452,6.939933,2.868163,0,0.036000,1.040000,1.104957
2025-09,HUB_VINHLONG,COM_VEGETABLE,VINHLONG_POST2025,Vĩnh Long,harmonized_post_2025,26,78.346359,3013.321484,6.939933,2.868163,0,0.036000,1.040000,1.052805
2025-09,HUB_VITHANH,COM_PANGASIUS,CANTHO_POST2025,Cần Thơ,harmonized_post_2025,19,81.632361,4296.440040,7.484046,2.769859,0,0.044000,1.040000,1.047444
2025-09,HUB_VITHANH,COM_PINEAPPLE,CANTHO_POST2025,Cần Thơ,harmonized_post_2025,44,228.224347,5186.916969,7.484046,2.769859,0,0.044000,1.040000,1.063613
2025-09,HUB_VITHANH,COM_RICE,CANTHO_POST2025,Cần Thơ,harmonized_post_2025,31,222.918967,7190.934420,7.484046,2.769859,0,0.044000,1.040000,0.987405
2025-09,HUB_VITHANH,COM_SUGARCANE,CANTHO_POST2025,Cần Thơ,harmonized_post_2025,44,772.348195,17553.368078,7.484046,2.769859,0,0.044000,1.040000,1.133353
2025-09,HUB_VITHANH,COM_VEGETABLE,CANTHO_POST2025,Cần Thơ,harmonized_post_2025,13,44.577933,3429.071772,7.484046,2.769859,0,0.044000,1.040000,1.034804
2025-10,HUB_LONGXUYEN,COM_PANGASIUS,ANGIANG_POST2025,An Giang,harmonized_post_2025,47,196.896202,4189.280889,7.240729,3.143915,1,0.014400,1.040000,1.004427
2025-10,HUB_LONGXUYEN,COM_RICE,ANGIANG_POST2025,An Giang,harmonized_post_2025,71,696.622791,9811.588607,7.240729,3.143915,1,0.014400,1.040000,0.912209
2025-10,HUB_LONGXUYEN,COM_SWEET_POTATO,ANGIANG_POST2025,An Giang,harmonized_post_2025,19,146.980798,7735.831492,7.240729,3.143915,1,0.014400,1.040000,1.093293
2025-10,HUB_LONGXUYEN,COM_VEGETABLE,ANGIANG_POST2025,An Giang,harmonized_post_2025,15,36.591145,2439.409647,7.240729,3.143915,1,0.014400,1.040000,1.052343
2025-10,HUB_SOCTRANG,COM_PURPLE_ONION,CANTHO_POST2025,Cần Thơ,harmonized_post_2025,39,185.507665,4756.606806,7.017094,2.630882,0,0.080000,1.040000,0.981663
2025-10,HUB_SOCTRANG,COM_RICE,CANTHO_POST2025,Cần Thơ,harmonized_post_2025,43,354.483170,8243.794660,7.017094,2.630882,0,0.080000,1.040000,0.912562
2025-10,HUB_SOCTRANG,COM_SHRIMP,CANTHO_POST2025,Cần Thơ,harmonized_post_2025,43,147.365454,3427.103576,7.017094,2.630882,0,0.080000,1.040000,0.936926
2025-10,HUB_SOCTRANG,COM_VEGETABLE,CANTHO_POST2025,Cần Thơ,harmonized_post_2025,18,46.596806,2588.711424,7.017094,2.630882,0,0.080000,1.040000,1.052697
2025-10,HUB_VINHLONG,COM_ORANGE,VINHLONG_POST2025,Vĩnh Long,harmonized_post_2025,37,190.841956,5157.890714,7.103762,2.944982,0,0.036000,1.040000,1.179007
2025-10,HUB_VINHLONG,COM_POMELO,VINHLONG_POST2025,Vĩnh Long,harmonized_post_2025,40,259.352845,6483.821120,7.103762,2.944982,0,0.036000,1.040000,1.312082
2025-10,HUB_VINHLONG,COM_SWEET_POTATO,VINHLONG_POST2025,Vĩnh Long,harmonized_post_2025,31,210.014873,6774.673310,7.103762,2.944982,0,0.036000,1.040000,1.126633
2025-10,HUB_VINHLONG,COM_VEGETABLE,VINHLONG_POST2025,Vĩnh Long,harmonized_post_2025,32,88.602710,2768.834702,7.103762,2.944982,0,0.036000,1.040000,1.085683
2025-10,HUB_VITHANH,COM_PANGASIUS,CANTHO_POST2025,Cần Thơ,harmonized_post_2025,13,64.249155,4942.242681,6.775629,2.831395,0,0.044000,1.040000,1.034525
2025-10,HUB_VITHANH,COM_PINEAPPLE,CANTHO_POST2025,Cần Thơ,harmonized_post_2025,36,203.148836,5643.023212,6.775629,2.831395,0,0.044000,1.040000,1.026729
2025-10,HUB_VITHANH,COM_RICE,CANTHO_POST2025,Cần Thơ,harmonized_post_2025,43,370.451089,8615.141596,6.775629,2.831395,0,0.044000,1.040000,0.942307
2025-10,HUB_VITHANH,COM_SUGARCANE,CANTHO_POST2025,Cần Thơ,harmonized_post_2025,59,1095.221111,18563.069680,6.775629,2.831395,0,0.044000,1.040000,1.273274
2025-10,HUB_VITHANH,COM_VEGETABLE,CANTHO_POST2025,Cần Thơ,harmonized_post_2025,15,43.344156,2889.610413,6.775629,2.831395,0,0.044000,1.040000,1.082442
2025-11,HUB_LONGXUYEN,COM_PANGASIUS,ANGIANG_POST2025,An Giang,harmonized_post_2025,45,194.128295,4313.962103,3.002239,2.776272,0,0.021600,1.040000,0.941606
2025-11,HUB_LONGXUYEN,COM_RICE,ANGIANG_POST2025,An Giang,harmonized_post_2025,82,733.788906,8948.645197,3.002239,2.776272,0,0.021600,1.040000,1.014581
2025-11,HUB_LONGXUYEN,COM_SWEET_POTATO,ANGIANG_POST2025,An Giang,harmonized_post_2025,27,206.603286,7651.973545,3.002239,2.776272,0,0.021600,1.040000,0.908873
2025-11,HUB_LONGXUYEN,COM_VEGETABLE,ANGIANG_POST2025,An Giang,harmonized_post_2025,22,63.499994,2886.363358,3.002239,2.776272,0,0.021600,1.040000,1.079226
2025-11,HUB_SOCTRANG,COM_PURPLE_ONION,CANTHO_POST2025,Cần Thơ,harmonized_post_2025,45,216.808610,4817.969117,3.262928,2.278598,0,0.120000,1.040000,1.075065
2025-11,HUB_SOCTRANG,COM_RICE,CANTHO_POST2025,Cần Thơ,harmonized_post_2025,58,434.178521,7485.836573,3.262928,2.278598,0,0.120000,1.040000,1.009151
2025-11,HUB_SOCTRANG,COM_SHRIMP,CANTHO_POST2025,Cần Thơ,harmonized_post_2025,41,121.526978,2964.072645,3.262928,2.278598,0,0.120000,1.040000,0.823297
2025-11,HUB_SOCTRANG,COM_VEGETABLE,CANTHO_POST2025,Cần Thơ,harmonized_post_2025,27,77.729260,2878.861492,3.262928,2.278598,0,0.120000,1.040000,1.073796
2025-11,HUB_VINHLONG,COM_ORANGE,VINHLONG_POST2025,Vĩnh Long,harmonized_post_2025,57,308.794326,5417.444318,2.933504,2.580166,0,0.054000,1.040000,1.195951
2025-11,HUB_VINHLONG,COM_POMELO,VINHLONG_POST2025,Vĩnh Long,harmonized_post_2025,56,312.432837,5579.157796,2.933504,2.580166,0,0.054000,1.040000,1.185587
2025-11,HUB_VINHLONG,COM_SWEET_POTATO,VINHLONG_POST2025,Vĩnh Long,harmonized_post_2025,59,394.272943,6682.592253,2.933504,2.580166,0,0.054000,1.040000,0.930479
2025-11,HUB_VINHLONG,COM_VEGETABLE,VINHLONG_POST2025,Vĩnh Long,harmonized_post_2025,45,129.783225,2884.071678,2.933504,2.580166,0,0.054000,1.040000,1.100832
2025-11,HUB_VITHANH,COM_PANGASIUS,CANTHO_POST2025,Cần Thơ,harmonized_post_2025,16,77.363001,4835.187536,3.151029,2.478000,0,0.066000,1.040000,0.980656
2025-11,HUB_VITHANH,COM_PINEAPPLE,CANTHO_POST2025,Cần Thơ,harmonized_post_2025,49,297.322532,6067.806768,3.151029,2.478000,0,0.066000,1.040000,0.973101
2025-11,HUB_VITHANH,COM_RICE,CANTHO_POST2025,Cần Thơ,harmonized_post_2025,52,508.060743,9770.398899,3.151029,2.478000,0,0.066000,1.040000,1.053631
2025-11,HUB_VITHANH,COM_SUGARCANE,CANTHO_POST2025,Cần Thơ,harmonized_post_2025,72,1281.600369,17800.005126,3.151029,2.478000,0,0.066000,1.040000,1.300280
2025-11,HUB_VITHANH,COM_VEGETABLE,CANTHO_POST2025,Cần Thơ,harmonized_post_2025,13,41.311529,3177.809926,3.151029,2.478000,0,0.066000,1.040000,1.118276
2025-12,HUB_LONGXUYEN,COM_PANGASIUS,ANGIANG_POST2025,An Giang,harmonized_post_2025,50,233.561822,4671.236431,0.567916,2.402338,0,0.045000,1.040000,0.925232
2025-12,HUB_LONGXUYEN,COM_RICE,ANGIANG_POST2025,An Giang,harmonized_post_2025,97,801.084899,8258.607208,0.567916,2.402338,0,0.045000,1.040000,0.972742
2025-12,HUB_LONGXUYEN,COM_SWEET_POTATO,ANGIANG_POST2025,An Giang,harmonized_post_2025,25,164.520162,6580.806473,0.567916,2.402338,0,0.045000,1.040000,0.856104
2025-12,HUB_LONGXUYEN,COM_VEGETABLE,ANGIANG_POST2025,An Giang,harmonized_post_2025,37,104.376283,2820.980615,0.567916,2.402338,0,0.045000,1.040000,1.085302
2025-12,HUB_SOCTRANG,COM_PURPLE_ONION,CANTHO_POST2025,Cần Thơ,harmonized_post_2025,55,270.956774,4926.486808,0.605834,1.904299,0,0.250000,1.040000,1.231992
2025-12,HUB_SOCTRANG,COM_RICE,CANTHO_POST2025,Cần Thơ,harmonized_post_2025,58,533.320647,9195.183561,0.605834,1.904299,0,0.250000,1.040000,0.964420
2025-12,HUB_SOCTRANG,COM_SHRIMP,CANTHO_POST2025,Cần Thơ,harmonized_post_2025,43,130.856251,3043.168639,0.605834,1.904299,0,0.250000,1.040000,0.748683
2025-12,HUB_SOCTRANG,COM_VEGETABLE,CANTHO_POST2025,Cần Thơ,harmonized_post_2025,35,115.595258,3302.721647,0.605834,1.904299,0,0.250000,1.040000,1.076979
2025-12,HUB_VINHLONG,COM_ORANGE,VINHLONG_POST2025,Vĩnh Long,harmonized_post_2025,49,274.223970,5596.407552,0.554266,2.204349,0,0.112500,1.040000,1.113452
2025-12,HUB_VINHLONG,COM_POMELO,VINHLONG_POST2025,Vĩnh Long,harmonized_post_2025,55,319.604118,5810.983959,0.554266,2.204349,0,0.112500,1.040000,1.044003
2025-12,HUB_VINHLONG,COM_SWEET_POTATO,VINHLONG_POST2025,Vĩnh Long,harmonized_post_2025,47,344.226705,7323.972453,0.554266,2.204349,0,0.112500,1.040000,0.868888
2025-12,HUB_VINHLONG,COM_VEGETABLE,VINHLONG_POST2025,Vĩnh Long,harmonized_post_2025,34,110.635479,3253.984686,0.554266,2.204349,0,0.112500,1.040000,1.098085
2025-12,HUB_VITHANH,COM_PANGASIUS,CANTHO_POST2025,Cần Thơ,harmonized_post_2025,13,58.949343,4534.564844,0.576848,2.106630,0,0.137500,1.040000,0.955478
2025-12,HUB_VITHANH,COM_PINEAPPLE,CANTHO_POST2025,Cần Thơ,harmonized_post_2025,43,242.240195,5633.492898,0.576848,2.106630,0,0.137500,1.040000,0.921239
2025-12,HUB_VITHANH,COM_RICE,CANTHO_POST2025,Cần Thơ,harmonized_post_2025,45,383.290515,8517.566996,0.576848,2.106630,0,0.137500,1.040000,1.002988
2025-12,HUB_VITHANH,COM_SUGARCANE,CANTHO_POST2025,Cần Thơ,harmonized_post_2025,61,1109.333583,18185.796444,0.576848,2.106630,0,0.137500,1.040000,1.235790
2025-12,HUB_VITHANH,COM_VEGETABLE,CANTHO_POST2025,Cần Thơ,harmonized_post_2025,20,55.714436,2785.721801,0.576848,2.106630,0,0.137500,1.040000,1.115548
2026-01,HUB_LONGXUYEN,COM_PANGASIUS,ANGIANG_POST2025,An Giang,harmonized_post_2025,50,232.380798,4647.615951,0.433430,2.102924,0,0.099000,1.080000,0.911013
2026-01,HUB_LONGXUYEN,COM_RICE,ANGIANG_POST2025,An Giang,harmonized_post_2025,92,819.937606,8912.365288,0.433430,2.102924,0,0.099000,1.080000,0.831398
2026-01,HUB_LONGXUYEN,COM_SWEET_POTATO,ANGIANG_POST2025,An Giang,harmonized_post_2025,37,252.887483,6834.796847,0.433430,2.102924,0,0.099000,1.080000,1.025552
2026-01,HUB_LONGXUYEN,COM_VEGETABLE,ANGIANG_POST2025,An Giang,harmonized_post_2025,18,49.540028,2752.223758,0.433430,2.102924,0,0.099000,1.080000,1.041280
2026-01,HUB_SOCTRANG,COM_PURPLE_ONION,CANTHO_POST2025,Cần Thơ,harmonized_post_2025,51,256.106489,5021.695869,0.463124,1.602128,0,0.550000,1.080000,1.172993
2026-01,HUB_SOCTRANG,COM_RICE,CANTHO_POST2025,Cần Thơ,harmonized_post_2025,49,382.159649,7799.176519,0.463124,1.602128,0,0.550000,1.080000,0.817022
2026-01,HUB_SOCTRANG,COM_SHRIMP,CANTHO_POST2025,Cần Thơ,harmonized_post_2025,47,154.482094,3286.853061,0.463124,1.602128,0,0.550000,1.080000,0.731639
2026-01,HUB_SOCTRANG,COM_VEGETABLE,CANTHO_POST2025,Cần Thơ,harmonized_post_2025,34,96.600589,2841.193790,0.463124,1.602128,0,0.550000,1.080000,1.026904
2026-01,HUB_VINHLONG,COM_ORANGE,VINHLONG_POST2025,Vĩnh Long,harmonized_post_2025,60,325.104273,5418.404546,0.415076,1.904419,0,0.247500,1.080000,1.008642
2026-01,HUB_VINHLONG,COM_POMELO,VINHLONG_POST2025,Vĩnh Long,harmonized_post_2025,47,314.010453,6681.073478,0.415076,1.904419,0,0.247500,1.080000,0.837007
2026-01,HUB_VINHLONG,COM_SWEET_POTATO,VINHLONG_POST2025,Vĩnh Long,harmonized_post_2025,66,502.266400,7610.096972,0.415076,1.904419,0,0.247500,1.080000,1.014557
2026-01,HUB_VINHLONG,COM_VEGETABLE,VINHLONG_POST2025,Vĩnh Long,harmonized_post_2025,53,165.983230,3131.759052,0.415076,1.904419,0,0.247500,1.080000,1.030285
2026-01,HUB_VITHANH,COM_PANGASIUS,CANTHO_POST2025,Cần Thơ,harmonized_post_2025,24,115.658033,4819.084713,0.437823,1.803510,0,0.302500,1.080000,0.920456
2026-01,HUB_VITHANH,COM_PINEAPPLE,CANTHO_POST2025,Cần Thơ,harmonized_post_2025,55,360.037088,6546.128868,0.437823,1.803510,0,0.302500,1.080000,0.886851
2026-01,HUB_VITHANH,COM_RICE,CANTHO_POST2025,Cần Thơ,harmonized_post_2025,58,544.616615,9389.941643,0.437823,1.803510,0,0.302500,1.080000,0.840841
2026-01,HUB_VITHANH,COM_SUGARCANE,CANTHO_POST2025,Cần Thơ,harmonized_post_2025,50,1093.498002,21869.960046,0.437823,1.803510,0,0.302500,1.080000,1.054720
2026-01,HUB_VITHANH,COM_VEGETABLE,CANTHO_POST2025,Cần Thơ,harmonized_post_2025,11,35.328363,3211.669366,0.437823,1.803510,0,0.302500,1.080000,1.050723
2026-02,HUB_LONGXUYEN,COM_PANGASIUS,ANGIANG_POST2025,An Giang,harmonized_post_2025,52,226.508104,4355.925071,0.362620,2.033333,0,0.153000,1.080000,0.925010
2026-02,HUB_LONGXUYEN,COM_RICE,ANGIANG_POST2025,An Giang,harmonized_post_2025,97,843.281065,8693.619225,0.362620,2.033333,0,0.153000,1.080000,1.015383
2026-02,HUB_LONGXUYEN,COM_SWEET_POTATO,ANGIANG_POST2025,An Giang,harmonized_post_2025,27,170.363724,6309.767565,0.362620,2.033333,0,0.153000,1.080000,1.090351
2026-02,HUB_LONGXUYEN,COM_VEGETABLE,ANGIANG_POST2025,An Giang,harmonized_post_2025,20,57.286647,2864.332356,0.362620,2.033333,0,0.153000,1.080000,1.024935
2026-02,HUB_SOCTRANG,COM_PURPLE_ONION,CANTHO_POST2025,Cần Thơ,harmonized_post_2025,59,258.225221,4376.698657,0.398260,1.532983,0,0.850000,1.080000,1.117630
2026-02,HUB_SOCTRANG,COM_RICE,CANTHO_POST2025,Cần Thơ,harmonized_post_2025,44,428.830574,9746.149401,0.398260,1.532983,0,0.850000,1.080000,0.991952
2026-02,HUB_SOCTRANG,COM_SHRIMP,CANTHO_POST2025,Cần Thơ,harmonized_post_2025,57,215.379721,3778.591604,0.398260,1.532983,0,0.850000,1.080000,0.761021
2026-02,HUB_SOCTRANG,COM_VEGETABLE,CANTHO_POST2025,Cần Thơ,harmonized_post_2025,30,74.078032,2469.267717,0.398260,1.532983,0,0.850000,1.080000,1.001504
2026-02,HUB_VINHLONG,COM_ORANGE,VINHLONG_POST2025,Vĩnh Long,harmonized_post_2025,41,233.203142,5687.881517,0.367461,1.831379,0,0.382500,1.080000,0.979411
2026-02,HUB_VINHLONG,COM_POMELO,VINHLONG_POST2025,Vĩnh Long,harmonized_post_2025,48,279.160668,5815.847243,0.367461,1.831379,0,0.382500,1.080000,0.802900
2026-02,HUB_VINHLONG,COM_SWEET_POTATO,VINHLONG_POST2025,Vĩnh Long,harmonized_post_2025,52,399.710318,7686.736878,0.367461,1.831379,0,0.382500,1.080000,1.064400
2026-02,HUB_VINHLONG,COM_VEGETABLE,VINHLONG_POST2025,Vĩnh Long,harmonized_post_2025,41,106.599186,2599.980145,0.367461,1.831379,0,0.382500,1.080000,0.998984
2026-02,HUB_VITHANH,COM_PANGASIUS,CANTHO_POST2025,Cần Thơ,harmonized_post_2025,18,70.673456,3926.303103,0.383573,1.729398,0,0.467500,1.080000,0.916551
2026-02,HUB_VITHANH,COM_PINEAPPLE,CANTHO_POST2025,Cần Thơ,harmonized_post_2025,37,238.788356,6453.739348,0.383573,1.729398,0,0.467500,1.080000,0.884215
2026-02,HUB_VITHANH,COM_RICE,CANTHO_POST2025,Cần Thơ,harmonized_post_2025,46,380.877623,8279.948331,0.383573,1.729398,0,0.467500,1.080000,1.006924
2026-02,HUB_VITHANH,COM_SUGARCANE,CANTHO_POST2025,Cần Thơ,harmonized_post_2025,57,920.706841,16152.751592,0.383573,1.729398,0,0.467500,1.080000,0.948148
2026-02,HUB_VITHANH,COM_VEGETABLE,CANTHO_POST2025,Cần Thơ,harmonized_post_2025,7,19.750571,2821.510207,0.383573,1.729398,0,0.467500,1.080000,1.016476
2026-03,HUB_LONGXUYEN,COM_PANGASIUS,ANGIANG_POST2025,An Giang,harmonized_post_2025,60,279.304091,4655.068187,0.445459,2.003088,0,0.180000,1.080000,0.967577
2026-03,HUB_LONGXUYEN,COM_RICE,ANGIANG_POST2025,An Giang,harmonized_post_2025,135,1129.293848,8365.139618,0.445459,2.003088,0,0.180000,1.080000,1.130586
2026-03,HUB_LONGXUYEN,COM_SWEET_POTATO,ANGIANG_POST2025,An Giang,harmonized_post_2025,32,234.275023,7321.094459,0.445459,2.003088,0,0.180000,1.080000,0.888148
2026-03,HUB_LONGXUYEN,COM_VEGETABLE,ANGIANG_POST2025,An Giang,harmonized_post_2025,27,63.580725,2354.841655,0.445459,2.003088,0,0.180000,1.080000,0.989657
2026-03,HUB_SOCTRANG,COM_PURPLE_ONION,CANTHO_POST2025,Cần Thơ,harmonized_post_2025,55,245.669861,4466.724747,0.479971,1.500478,0,1.000000,1.080000,1.046150
2026-03,HUB_SOCTRANG,COM_RICE,CANTHO_POST2025,Cần Thơ,harmonized_post_2025,69,563.744767,8170.214021,0.479971,1.500478,0,1.000000,1.080000,1.109994
2026-03,HUB_SOCTRANG,COM_SHRIMP,CANTHO_POST2025,Cần Thơ,harmonized_post_2025,63,184.601226,2930.178195,0.479971,1.500478,0,1.000000,1.080000,0.834117
2026-03,HUB_SOCTRANG,COM_VEGETABLE,CANTHO_POST2025,Cần Thơ,harmonized_post_2025,38,102.406683,2694.912698,0.479971,1.500478,0,1.000000,1.080000,0.969064
2026-03,HUB_VINHLONG,COM_ORANGE,VINHLONG_POST2025,Vĩnh Long,harmonized_post_2025,49,265.431323,5416.965785,0.440359,1.801996,0,0.450000,1.080000,0.904590
2026-03,HUB_VINHLONG,COM_POMELO,VINHLONG_POST2025,Vĩnh Long,harmonized_post_2025,51,275.829922,5408.429840,0.440359,1.801996,0,0.450000,1.080000,0.772565
2026-03,HUB_VINHLONG,COM_SWEET_POTATO,VINHLONG_POST2025,Vĩnh Long,harmonized_post_2025,49,344.887353,7038.517413,0.440359,1.801996,0,0.450000,1.080000,0.853242
2026-03,HUB_VINHLONG,COM_VEGETABLE,VINHLONG_POST2025,Vĩnh Long,harmonized_post_2025,33,88.764244,2689.825570,0.440359,1.801996,0,0.450000,1.080000,0.954750
2026-03,HUB_VITHANH,COM_PANGASIUS,CANTHO_POST2025,Cần Thơ,harmonized_post_2025,21,97.914013,4662.572068,0.469857,1.700844,0,0.550000,1.080000,0.944266
2026-03,HUB_VITHANH,COM_PINEAPPLE,CANTHO_POST2025,Cần Thơ,harmonized_post_2025,53,317.589191,5992.248879,0.469857,1.700844,0,0.550000,1.080000,0.912816
2026-03,HUB_VITHANH,COM_RICE,CANTHO_POST2025,Cần Thơ,harmonized_post_2025,65,513.624974,7901.922680,0.469857,1.700844,0,0.550000,1.080000,1.107275
2026-03,HUB_VITHANH,COM_SUGARCANE,CANTHO_POST2025,Cần Thơ,harmonized_post_2025,44,807.038979,18341.794966,0.469857,1.700844,0,0.550000,1.080000,0.841233
2026-03,HUB_VITHANH,COM_VEGETABLE,CANTHO_POST2025,Cần Thơ,harmonized_post_2025,14,43.340352,3095.739418,0.469857,1.700844,0,0.550000,1.080000,0.966345
2026-04,HUB_LONGXUYEN,COM_PANGASIUS,ANGIANG_POST2025,An Giang,harmonized_post_2025,67,281.370597,4199.561143,0.923157,2.108471,0,0.162000,1.080000,0.992714
2026-04,HUB_LONGXUYEN,COM_RICE,ANGIANG_POST2025,An Giang,harmonized_post_2025,108,956.600083,8857.408177,0.923157,2.108471,0,0.162000,1.080000,1.033493
2026-04,HUB_LONGXUYEN,COM_SWEET_POTATO,ANGIANG_POST2025,An Giang,harmonized_post_2025,28,205.142888,7326.531711,0.923157,2.108471,0,0.162000,1.080000,0.889496
2026-04,HUB_LONGXUYEN,COM_VEGETABLE,ANGIANG_POST2025,An Giang,harmonized_post_2025,23,54.494499,2369.326045,0.923157,2.108471,0,0.162000,1.080000,0.946347
2026-04,HUB_SOCTRANG,COM_PURPLE_ONION,CANTHO_POST2025,Cần Thơ,harmonized_post_2025,42,172.222014,4100.524147,1.007954,1.609498,0,0.900000,1.080000,0.902836
2026-04,HUB_SOCTRANG,COM_RICE,CANTHO_POST2025,Cần Thơ,harmonized_post_2025,69,602.242074,8728.146003,1.007954,1.609498,0,0.900000,1.080000,1.030684
2026-04,HUB_SOCTRANG,COM_SHRIMP,CANTHO_POST2025,Cần Thơ,harmonized_post_2025,65,195.542554,3008.346979,1.007954,1.609498,0,0.900000,1.080000,0.960315
2026-04,HUB_SOCTRANG,COM_VEGETABLE,CANTHO_POST2025,Cần Thơ,harmonized_post_2025,30,79.338480,2644.616009,1.007954,1.609498,0,0.900000,1.080000,0.943538
2026-04,HUB_VINHLONG,COM_ORANGE,VINHLONG_POST2025,Vĩnh Long,harmonized_post_2025,42,221.155003,5265.595299,0.897570,1.906090,0,0.405000,1.080000,0.851671
2026-04,HUB_VINHLONG,COM_POMELO,VINHLONG_POST2025,Vĩnh Long,harmonized_post_2025,51,282.002630,5529.463329,0.897570,1.906090,0,0.405000,1.080000,0.793444
2026-04,HUB_VINHLONG,COM_SWEET_POTATO,VINHLONG_POST2025,Vĩnh Long,harmonized_post_2025,42,323.021910,7690.997850,0.897570,1.906090,0,0.405000,1.080000,0.863546
2026-04,HUB_VINHLONG,COM_VEGETABLE,VINHLONG_POST2025,Vĩnh Long,harmonized_post_2025,34,91.676030,2696.353828,0.897570,1.906090,0,0.405000,1.080000,0.920396
2026-04,HUB_VITHANH,COM_PANGASIUS,CANTHO_POST2025,Cần Thơ,harmonized_post_2025,25,108.509047,4340.361867,0.965984,1.810747,0,0.495000,1.080000,0.969501
2026-04,HUB_VITHANH,COM_PINEAPPLE,CANTHO_POST2025,Cần Thơ,harmonized_post_2025,45,255.532986,5678.510810,0.965984,1.810747,0,0.495000,1.080000,0.985670
2026-04,HUB_VITHANH,COM_RICE,CANTHO_POST2025,Cần Thơ,harmonized_post_2025,51,417.760772,8191.387693,0.965984,1.810747,0,0.495000,1.080000,1.010280
2026-04,HUB_VITHANH,COM_SUGARCANE,CANTHO_POST2025,Cần Thơ,harmonized_post_2025,47,884.626088,18821.831650,0.965984,1.810747,0,0.495000,1.080000,0.795068
2026-04,HUB_VITHANH,COM_VEGETABLE,CANTHO_POST2025,Cần Thơ,harmonized_post_2025,16,60.095354,3755.959601,0.965984,1.810747,0,0.495000,1.080000,0.923134
2026-05,HUB_LONGXUYEN,COM_PANGASIUS,ANGIANG_POST2025,An Giang,harmonized_post_2025,62,267.566316,4315.585743,2.591901,2.325959,0,0.090000,1.080000,1.039031
2026-05,HUB_LONGXUYEN,COM_RICE,ANGIANG_POST2025,An Giang,harmonized_post_2025,88,692.608002,7870.545480,2.591901,2.325959,0,0.090000,1.080000,0.892239
2026-05,HUB_LONGXUYEN,COM_SWEET_POTATO,ANGIANG_POST2025,An Giang,harmonized_post_2025,44,303.437454,6896.305779,2.591901,2.325959,0,0.090000,1.080000,1.078938
2026-05,HUB_LONGXUYEN,COM_VEGETABLE,ANGIANG_POST2025,An Giang,harmonized_post_2025,28,75.913893,2711.210468,2.591901,2.325959,0,0.090000,1.080000,0.925369
2026-05,HUB_SOCTRANG,COM_PURPLE_ONION,CANTHO_POST2025,Cần Thơ,harmonized_post_2025,53,248.286800,4684.656595,2.852296,1.822129,0,0.500000,1.080000,0.858693
2026-05,HUB_SOCTRANG,COM_RICE,CANTHO_POST2025,Cần Thơ,harmonized_post_2025,45,353.252145,7850.047676,2.852296,1.822129,0,0.500000,1.080000,0.910215
2026-05,HUB_SOCTRANG,COM_SHRIMP,CANTHO_POST2025,Cần Thơ,harmonized_post_2025,68,217.372028,3196.647465,2.852296,1.822129,0,0.500000,1.080000,1.164617
2026-05,HUB_SOCTRANG,COM_VEGETABLE,CANTHO_POST2025,Cần Thơ,harmonized_post_2025,25,75.780987,3031.239463,2.852296,1.822129,0,0.500000,1.080000,0.943345
2026-05,HUB_VINHLONG,COM_ORANGE,VINHLONG_POST2025,Vĩnh Long,harmonized_post_2025,46,243.084409,5284.443675,2.553973,2.123943,0,0.225000,1.080000,0.848239
2026-05,HUB_VINHLONG,COM_POMELO,VINHLONG_POST2025,Vĩnh Long,harmonized_post_2025,46,252.194114,5482.480747,2.553973,2.123943,0,0.225000,1.080000,0.842292
2026-05,HUB_VINHLONG,COM_SWEET_POTATO,VINHLONG_POST2025,Vĩnh Long,harmonized_post_2025,57,367.808667,6452.783635,2.553973,2.123943,0,0.225000,1.080000,1.067899
2026-05,HUB_VINHLONG,COM_VEGETABLE,VINHLONG_POST2025,Vĩnh Long,harmonized_post_2025,35,95.469608,2727.703087,2.553973,2.123943,0,0.225000,1.080000,0.914330
2026-05,HUB_VITHANH,COM_PANGASIUS,CANTHO_POST2025,Cần Thơ,harmonized_post_2025,18,75.466538,4192.585429,2.755025,2.024168,0,0.275000,1.080000,1.021867
2026-05,HUB_VITHANH,COM_PINEAPPLE,CANTHO_POST2025,Cần Thơ,harmonized_post_2025,64,380.974006,5952.718844,2.755025,2.024168,0,0.275000,1.080000,1.037976
2026-05,HUB_VITHANH,COM_RICE,CANTHO_POST2025,Cần Thơ,harmonized_post_2025,54,479.492726,8879.494930,2.755025,2.024168,0,0.275000,1.080000,0.875075
2026-05,HUB_VITHANH,COM_SUGARCANE,CANTHO_POST2025,Cần Thơ,harmonized_post_2025,38,618.138588,16266.804958,2.755025,2.024168,0,0.275000,1.080000,0.789076
2026-05,HUB_VITHANH,COM_VEGETABLE,CANTHO_POST2025,Cần Thơ,harmonized_post_2025,11,34.565109,3142.282617,2.755025,2.024168,0,0.275000,1.080000,0.908205
2026-06,HUB_LONGXUYEN,COM_PANGASIUS,ANGIANG_POST2025,An Giang,harmonized_post_2025,59,241.160903,4087.472929,4.048550,2.538039,0,0.036000,1.080000,1.063697
2026-06,HUB_LONGXUYEN,COM_RICE,ANGIANG_POST2025,An Giang,harmonized_post_2025,85,805.894124,9481.107340,4.048550,2.538039,0,0.036000,1.080000,0.891816
2026-06,HUB_LONGXUYEN,COM_SWEET_POTATO,ANGIANG_POST2025,An Giang,harmonized_post_2025,38,267.947219,7051.242593,4.048550,2.538039,0,0.036000,1.080000,1.153921
2026-06,HUB_LONGXUYEN,COM_VEGETABLE,ANGIANG_POST2025,An Giang,harmonized_post_2025,10,34.416381,3441.638108,4.048550,2.538039,0,0.036000,1.080000,0.907924
2026-06,HUB_SOCTRANG,COM_PURPLE_ONION,CANTHO_POST2025,Cần Thơ,harmonized_post_2025,33,147.627727,4473.567490,4.443336,2.039696,0,0.200000,1.080000,0.859020
2026-06,HUB_SOCTRANG,COM_RICE,CANTHO_POST2025,Cần Thơ,harmonized_post_2025,54,463.995778,8592.514409,4.443336,2.039696,0,0.200000,1.080000,0.918684
2026-06,HUB_SOCTRANG,COM_SHRIMP,CANTHO_POST2025,Cần Thơ,harmonized_post_2025,64,216.394245,3381.160086,4.443336,2.039696,0,0.200000,1.080000,1.271558
2026-06,HUB_SOCTRANG,COM_VEGETABLE,CANTHO_POST2025,Cần Thơ,harmonized_post_2025,26,71.653164,2755.890925,4.443336,2.039696,0,0.200000,1.080000,0.934792
2026-06,HUB_VINHLONG,COM_ORANGE,VINHLONG_POST2025,Vĩnh Long,harmonized_post_2025,38,201.639979,5306.315232,3.975745,2.339731,0,0.090000,1.080000,0.877360
2026-06,HUB_VINHLONG,COM_POMELO,VINHLONG_POST2025,Vĩnh Long,harmonized_post_2025,45,223.549910,4967.775785,3.975745,2.339731,0,0.090000,1.080000,0.923794
2026-06,HUB_VINHLONG,COM_SWEET_POTATO,VINHLONG_POST2025,Vĩnh Long,harmonized_post_2025,56,408.570222,7295.896821,3.975745,2.339731,0,0.090000,1.080000,1.157704
2026-06,HUB_VINHLONG,COM_VEGETABLE,VINHLONG_POST2025,Vĩnh Long,harmonized_post_2025,25,60.384349,2415.373950,3.975745,2.339731,0,0.090000,1.080000,0.911707
2026-06,HUB_VITHANH,COM_PANGASIUS,CANTHO_POST2025,Cần Thơ,harmonized_post_2025,20,83.514654,4175.732721,4.280004,2.239361,0,0.110000,1.080000,1.052484
2026-06,HUB_VITHANH,COM_PINEAPPLE,CANTHO_POST2025,Cần Thơ,harmonized_post_2025,50,321.154260,6423.085204,4.280004,2.239361,0,0.110000,1.080000,1.093697
2026-06,HUB_VITHANH,COM_RICE,CANTHO_POST2025,Cần Thơ,harmonized_post_2025,38,374.182737,9846.914141,4.280004,2.239361,0,0.110000,1.080000,0.880603
2026-06,HUB_VITHANH,COM_SUGARCANE,CANTHO_POST2025,Cần Thơ,harmonized_post_2025,35,576.474484,16470.699530,4.280004,2.239361,0,0.110000,1.080000,0.815153
2026-06,HUB_VITHANH,COM_VEGETABLE,CANTHO_POST2025,Cần Thơ,harmonized_post_2025,5,12.087578,2417.515686,4.280004,2.239361,0,0.110000,1.080000,0.896711
2026-07,HUB_LONGXUYEN,COM_PANGASIUS,ANGIANG_POST2025,An Giang,harmonized_post_2025,56,255.693056,4565.947428,6.049451,2.708199,0,0.021600,1.080000,1.095996
2026-07,HUB_LONGXUYEN,COM_RICE,ANGIANG_POST2025,An Giang,harmonized_post_2025,103,839.447122,8149.972060,6.049451,2.708199,0,0.021600,1.080000,1.136010
2026-07,HUB_LONGXUYEN,COM_SWEET_POTATO,ANGIANG_POST2025,An Giang,harmonized_post_2025,20,136.673525,6833.676235,6.049451,2.708199,0,0.021600,1.080000,0.979892
2026-07,HUB_LONGXUYEN,COM_VEGETABLE,ANGIANG_POST2025,An Giang,harmonized_post_2025,14,37.381766,2670.126110,6.049451,2.708199,0,0.021600,1.080000,0.940222
2026-07,HUB_SOCTRANG,COM_PURPLE_ONION,CANTHO_POST2025,Cần Thơ,harmonized_post_2025,38,189.163799,4977.994709,6.638187,2.210532,0,0.120000,1.080000,0.885456
2026-07,HUB_SOCTRANG,COM_RICE,CANTHO_POST2025,Cần Thơ,harmonized_post_2025,53,441.313743,8326.674391,6.638187,2.210532,0,0.120000,1.080000,1.150824
2026-07,HUB_SOCTRANG,COM_SHRIMP,CANTHO_POST2025,Cần Thơ,harmonized_post_2025,63,224.019315,3555.862138,6.638187,2.210532,0,0.120000,1.080000,1.330128
2026-07,HUB_SOCTRANG,COM_VEGETABLE,CANTHO_POST2025,Cần Thơ,harmonized_post_2025,37,102.297006,2764.783953,6.638187,2.210532,0,0.120000,1.080000,0.955036
2026-07,HUB_VINHLONG,COM_ORANGE,VINHLONG_POST2025,Vĩnh Long,harmonized_post_2025,41,204.464552,4986.940283,5.935173,2.508493,0,0.054000,1.080000,0.936582
2026-07,HUB_VINHLONG,COM_POMELO,VINHLONG_POST2025,Vĩnh Long,harmonized_post_2025,47,279.087967,5938.041856,5.935173,2.508493,0,0.054000,1.080000,1.030307
2026-07,HUB_VINHLONG,COM_SWEET_POTATO,VINHLONG_POST2025,Vĩnh Long,harmonized_post_2025,36,262.681661,7296.712798,5.935173,2.508493,0,0.054000,1.080000,0.980498
2026-07,HUB_VINHLONG,COM_VEGETABLE,VINHLONG_POST2025,Vĩnh Long,harmonized_post_2025,20,58.319088,2915.954419,5.935173,2.508493,0,0.054000,1.080000,0.940828
2026-07,HUB_VITHANH,COM_PANGASIUS,CANTHO_POST2025,Cần Thơ,harmonized_post_2025,17,85.293565,5017.268559,6.391720,2.408351,0,0.066000,1.080000,1.075684
2026-07,HUB_VITHANH,COM_PINEAPPLE,CANTHO_POST2025,Cần Thơ,harmonized_post_2025,55,357.330432,6496.916953,6.391720,2.408351,0,0.066000,1.080000,1.116897
2026-07,HUB_VITHANH,COM_RICE,CANTHO_POST2025,Cần Thơ,harmonized_post_2025,59,481.243650,8156.672035,6.391720,2.408351,0,0.066000,1.080000,1.115699
2026-07,HUB_VITHANH,COM_SUGARCANE,CANTHO_POST2025,Cần Thơ,harmonized_post_2025,41,703.639436,17161.937465,6.391720,2.408351,0,0.066000,1.080000,0.862639
2026-07,HUB_VITHANH,COM_VEGETABLE,CANTHO_POST2025,Cần Thơ,harmonized_post_2025,15,45.604282,3040.285473,6.391720,2.408351,0,0.066000,1.080000,0.919911
2026-08,HUB_LONGXUYEN,COM_PANGASIUS,ANGIANG_POST2025,An Giang,harmonized_post_2025,51,210.750586,4132.364439,6.599017,2.891649,0,0.018000,1.080000,1.098547
2026-08,HUB_LONGXUYEN,COM_RICE,ANGIANG_POST2025,An Giang,harmonized_post_2025,92,939.891261,10216.209355,6.599017,2.891649,0,0.018000,1.080000,1.194432
2026-08,HUB_LONGXUYEN,COM_SWEET_POTATO,ANGIANG_POST2025,An Giang,harmonized_post_2025,13,92.492623,7114.817141,6.599017,2.891649,0,0.018000,1.080000,0.960770
2026-08,HUB_LONGXUYEN,COM_VEGETABLE,ANGIANG_POST2025,An Giang,harmonized_post_2025,17,46.787525,2752.207331,6.599017,2.891649,0,0.018000,1.080000,0.984885
2026-08,HUB_SOCTRANG,COM_PURPLE_ONION,CANTHO_POST2025,Cần Thơ,harmonized_post_2025,35,147.710977,4220.313619,7.251421,2.391339,0,0.100000,1.080000,0.919437
2026-08,HUB_SOCTRANG,COM_RICE,CANTHO_POST2025,Cần Thơ,harmonized_post_2025,57,548.180733,9617.205845,7.251421,2.391339,0,0.100000,1.080000,1.200299
2026-08,HUB_SOCTRANG,COM_SHRIMP,CANTHO_POST2025,Cần Thơ,harmonized_post_2025,75,259.100354,3454.671388,7.251421,2.391339,0,0.100000,1.080000,1.285839
2026-08,HUB_SOCTRANG,COM_VEGETABLE,CANTHO_POST2025,Cần Thơ,harmonized_post_2025,32,86.519013,2703.719141,7.251421,2.391339,0,0.100000,1.080000,0.990752
2026-08,HUB_VINHLONG,COM_ORANGE,VINHLONG_POST2025,Vĩnh Long,harmonized_post_2025,49,262.514206,5357.432766,6.481950,2.694791,0,0.045000,1.080000,1.009882
2026-08,HUB_VINHLONG,COM_POMELO,VINHLONG_POST2025,Vĩnh Long,harmonized_post_2025,58,321.905222,5550.090040,6.481950,2.694791,0,0.045000,1.080000,1.176463
2026-08,HUB_VINHLONG,COM_SWEET_POTATO,VINHLONG_POST2025,Vĩnh Long,harmonized_post_2025,50,362.078926,7241.578529,6.481950,2.694791,0,0.045000,1.080000,0.967198
2026-08,HUB_VINHLONG,COM_VEGETABLE,VINHLONG_POST2025,Vĩnh Long,harmonized_post_2025,31,93.262445,3008.465963,6.481950,2.694791,0,0.045000,1.080000,0.991314
2026-08,HUB_VITHANH,COM_PANGASIUS,CANTHO_POST2025,Cần Thơ,harmonized_post_2025,25,100.874071,4034.962855,6.992405,2.593963,0,0.055000,1.080000,1.081088
2026-08,HUB_VITHANH,COM_PINEAPPLE,CANTHO_POST2025,Cần Thơ,harmonized_post_2025,61,396.493695,6499.896641,6.992405,2.593963,0,0.055000,1.080000,1.097197
2026-08,HUB_VITHANH,COM_RICE,CANTHO_POST2025,Cần Thơ,harmonized_post_2025,59,548.661917,9299.354527,6.992405,2.593963,0,0.055000,1.080000,1.176973
2026-08,HUB_VITHANH,COM_SUGARCANE,CANTHO_POST2025,Cần Thơ,harmonized_post_2025,46,787.202865,17113.105761,6.992405,2.593963,0,0.055000,1.080000,0.951267
2026-08,HUB_VITHANH,COM_VEGETABLE,CANTHO_POST2025,Cần Thơ,harmonized_post_2025,12,34.421650,2868.470829,6.992405,2.593963,0,0.055000,1.080000,0.967426
2026-09,HUB_LONGXUYEN,COM_PANGASIUS,ANGIANG_POST2025,An Giang,harmonized_post_2025,45,204.109662,4535.770259,7.156525,3.067443,0,0.014400,1.080000,1.035149
2026-09,HUB_LONGXUYEN,COM_RICE,ANGIANG_POST2025,An Giang,harmonized_post_2025,84,708.397377,8433.302105,7.156525,3.067443,0,0.014400,1.080000,0.975110
2026-09,HUB_LONGXUYEN,COM_SWEET_POTATO,ANGIANG_POST2025,An Giang,harmonized_post_2025,40,254.840077,6371.001915,7.156525,3.067443,0,0.014400,1.080000,1.074661
2026-09,HUB_LONGXUYEN,COM_VEGETABLE,ANGIANG_POST2025,An Giang,harmonized_post_2025,17,50.916498,2995.088141,7.156525,3.067443,0,0.014400,1.080000,1.022509
2026-09,HUB_SOCTRANG,COM_PURPLE_ONION,CANTHO_POST2025,Cần Thơ,harmonized_post_2025,34,158.816263,4671.066554,8.773543,2.580842,0,0.080000,1.080000,0.949065
2026-09,HUB_SOCTRANG,COM_RICE,CANTHO_POST2025,Cần Thơ,harmonized_post_2025,51,434.490611,8519.423750,8.773543,2.580842,0,0.080000,1.080000,0.984193
2026-09,HUB_SOCTRANG,COM_SHRIMP,CANTHO_POST2025,Cần Thơ,harmonized_post_2025,58,187.857910,3238.929483,8.773543,2.580842,0,0.080000,1.080000,1.151861
2026-09,HUB_SOCTRANG,COM_VEGETABLE,CANTHO_POST2025,Cần Thơ,harmonized_post_2025,28,75.868724,2709.597292,8.773543,2.580842,0,0.080000,1.080000,1.031593
2026-09,HUB_VINHLONG,COM_ORANGE,VINHLONG_POST2025,Vĩnh Long,harmonized_post_2025,59,312.499922,5296.608847,7.030843,2.870062,0,0.036000,1.080000,1.095214
2026-09,HUB_VINHLONG,COM_POMELO,VINHLONG_POST2025,Vĩnh Long,harmonized_post_2025,45,267.335111,5940.780235,7.030843,2.870062,0,0.036000,1.080000,1.279557
2026-09,HUB_VINHLONG,COM_SWEET_POTATO,VINHLONG_POST2025,Vĩnh Long,harmonized_post_2025,45,373.797977,8306.621705,7.030843,2.870062,0,0.036000,1.080000,1.104957
2026-09,HUB_VINHLONG,COM_VEGETABLE,VINHLONG_POST2025,Vĩnh Long,harmonized_post_2025,35,94.630203,2703.720097,7.030843,2.870062,0,0.036000,1.080000,1.052805
2026-09,HUB_VITHANH,COM_PANGASIUS,CANTHO_POST2025,Cần Thơ,harmonized_post_2025,11,49.567896,4506.172340,8.503029,2.783070,0,0.044000,1.080000,1.047444
2026-09,HUB_VITHANH,COM_PINEAPPLE,CANTHO_POST2025,Cần Thơ,harmonized_post_2025,46,287.752829,6255.496286,8.503029,2.783070,0,0.044000,1.080000,1.063613
2026-09,HUB_VITHANH,COM_RICE,CANTHO_POST2025,Cần Thơ,harmonized_post_2025,48,461.001563,9604.199234,8.503029,2.783070,0,0.044000,1.080000,0.987405
2026-09,HUB_VITHANH,COM_SUGARCANE,CANTHO_POST2025,Cần Thơ,harmonized_post_2025,61,983.917833,16129.800541,8.503029,2.783070,0,0.044000,1.080000,1.133353
2026-09,HUB_VITHANH,COM_VEGETABLE,CANTHO_POST2025,Cần Thơ,harmonized_post_2025,11,29.132443,2648.403884,8.503029,2.783070,0,0.044000,1.080000,1.034804
2026-10,HUB_LONGXUYEN,COM_PANGASIUS,ANGIANG_POST2025,An Giang,harmonized_post_2025,46,212.647908,4622.780615,6.728827,3.138314,4,0.014400,1.080000,1.004427
2026-10,HUB_LONGXUYEN,COM_RICE,ANGIANG_POST2025,An Giang,harmonized_post_2025,80,689.300930,8616.261626,6.728827,3.138314,4,0.014400,1.080000,0.912209
2026-10,HUB_LONGXUYEN,COM_SWEET_POTATO,ANGIANG_POST2025,An Giang,harmonized_post_2025,30,216.079688,7202.656264,6.728827,3.138314,4,0.014400,1.080000,1.093293
2026-10,HUB_LONGXUYEN,COM_VEGETABLE,ANGIANG_POST2025,An Giang,harmonized_post_2025,18,61.854688,3436.371578,6.728827,3.138314,4,0.014400,1.080000,1.052343
2026-10,HUB_SOCTRANG,COM_PURPLE_ONION,CANTHO_POST2025,Cần Thơ,harmonized_post_2025,44,200.711545,4561.626021,6.588358,2.632074,0,0.080000,1.080000,0.981663
2026-10,HUB_SOCTRANG,COM_RICE,CANTHO_POST2025,Cần Thơ,harmonized_post_2025,52,442.860988,8516.557454,6.588358,2.632074,0,0.080000,1.080000,0.912562
2026-10,HUB_SOCTRANG,COM_SHRIMP,CANTHO_POST2025,Cần Thơ,harmonized_post_2025,53,170.430102,3215.662311,6.588358,2.632074,0,0.080000,1.080000,0.936926
2026-10,HUB_SOCTRANG,COM_VEGETABLE,CANTHO_POST2025,Cần Thơ,harmonized_post_2025,28,79.509978,2839.642076,6.588358,2.632074,0,0.080000,1.080000,1.052697
2026-10,HUB_VINHLONG,COM_ORANGE,VINHLONG_POST2025,Vĩnh Long,harmonized_post_2025,44,228.286880,5188.338174,6.611992,2.938891,0,0.036000,1.080000,1.179007
2026-10,HUB_VINHLONG,COM_POMELO,VINHLONG_POST2025,Vĩnh Long,harmonized_post_2025,48,258.497765,5385.370109,6.611992,2.938891,0,0.036000,1.080000,1.312082
2026-10,HUB_VINHLONG,COM_SWEET_POTATO,VINHLONG_POST2025,Vĩnh Long,harmonized_post_2025,40,293.363315,7334.082875,6.611992,2.938891,0,0.036000,1.080000,1.126633
2026-10,HUB_VINHLONG,COM_VEGETABLE,VINHLONG_POST2025,Vĩnh Long,harmonized_post_2025,27,86.394667,3199.802494,6.611992,2.938891,0,0.036000,1.080000,1.085683
2026-10,HUB_VITHANH,COM_PANGASIUS,CANTHO_POST2025,Cần Thơ,harmonized_post_2025,29,118.505674,4086.402540,6.351961,2.828324,0,0.044000,1.080000,1.034525
2026-10,HUB_VITHANH,COM_PINEAPPLE,CANTHO_POST2025,Cần Thơ,harmonized_post_2025,46,294.376736,6399.494267,6.351961,2.828324,0,0.044000,1.080000,1.026729
2026-10,HUB_VITHANH,COM_RICE,CANTHO_POST2025,Cần Thơ,harmonized_post_2025,46,371.029396,8065.856442,6.351961,2.828324,0,0.044000,1.080000,0.942307
2026-10,HUB_VITHANH,COM_SUGARCANE,CANTHO_POST2025,Cần Thơ,harmonized_post_2025,68,1126.889553,16571.905194,6.351961,2.828324,0,0.044000,1.080000,1.273274
2026-10,HUB_VITHANH,COM_VEGETABLE,CANTHO_POST2025,Cần Thơ,harmonized_post_2025,13,35.175586,2705.814270,6.351961,2.828324,0,0.044000,1.080000,1.082442
2026-11,HUB_LONGXUYEN,COM_PANGASIUS,ANGIANG_POST2025,An Giang,harmonized_post_2025,44,185.701577,4220.490390,2.744751,2.775700,0,0.021600,1.080000,0.941606
2026-11,HUB_LONGXUYEN,COM_RICE,ANGIANG_POST2025,An Giang,harmonized_post_2025,86,810.120160,9420.001863,2.744751,2.775700,0,0.021600,1.080000,1.014581
2026-11,HUB_LONGXUYEN,COM_SWEET_POTATO,ANGIANG_POST2025,An Giang,harmonized_post_2025,23,177.725704,7727.204519,2.744751,2.775700,0,0.021600,1.080000,0.908873
2026-11,HUB_LONGXUYEN,COM_VEGETABLE,ANGIANG_POST2025,An Giang,harmonized_post_2025,21,57.431711,2734.843368,2.744751,2.775700,0,0.021600,1.080000,1.079226
2026-11,HUB_SOCTRANG,COM_PURPLE_ONION,CANTHO_POST2025,Cần Thơ,harmonized_post_2025,51,243.809631,4780.580991,3.022913,2.276921,0,0.120000,1.080000,1.075065
2026-11,HUB_SOCTRANG,COM_RICE,CANTHO_POST2025,Cần Thơ,harmonized_post_2025,60,529.886250,8831.437494,3.022913,2.276921,0,0.120000,1.080000,1.009151
2026-11,HUB_SOCTRANG,COM_SHRIMP,CANTHO_POST2025,Cần Thơ,harmonized_post_2025,61,190.596565,3124.533855,3.022913,2.276921,0,0.120000,1.080000,0.823297
2026-11,HUB_SOCTRANG,COM_VEGETABLE,CANTHO_POST2025,Cần Thơ,harmonized_post_2025,30,92.814589,3093.819621,3.022913,2.276921,0,0.120000,1.080000,1.073796
2026-11,HUB_VINHLONG,COM_ORANGE,VINHLONG_POST2025,Vĩnh Long,harmonized_post_2025,64,353.758550,5527.477348,2.693124,2.574470,0,0.054000,1.080000,1.195951
2026-11,HUB_VINHLONG,COM_POMELO,VINHLONG_POST2025,Vĩnh Long,harmonized_post_2025,53,285.662934,5389.866673,2.693124,2.574470,0,0.054000,1.080000,1.185587
2026-11,HUB_VINHLONG,COM_SWEET_POTATO,VINHLONG_POST2025,Vĩnh Long,harmonized_post_2025,51,377.640939,7404.724290,2.693124,2.574470,0,0.054000,1.080000,0.930479
2026-11,HUB_VINHLONG,COM_VEGETABLE,VINHLONG_POST2025,Vĩnh Long,harmonized_post_2025,34,101.084694,2973.079244,2.693124,2.574470,0,0.054000,1.080000,1.100832
2026-11,HUB_VITHANH,COM_PANGASIUS,CANTHO_POST2025,Cần Thơ,harmonized_post_2025,19,86.083560,4530.713699,2.910592,2.477591,0,0.066000,1.080000,0.980656
2026-11,HUB_VITHANH,COM_PINEAPPLE,CANTHO_POST2025,Cần Thơ,harmonized_post_2025,63,382.478699,6071.090466,2.910592,2.477591,0,0.066000,1.080000,0.973101
2026-11,HUB_VITHANH,COM_RICE,CANTHO_POST2025,Cần Thơ,harmonized_post_2025,55,503.617453,9156.680957,2.910592,2.477591,0,0.066000,1.080000,1.053631
2026-11,HUB_VITHANH,COM_SUGARCANE,CANTHO_POST2025,Cần Thơ,harmonized_post_2025,61,1190.063037,19509.230116,2.910592,2.477591,0,0.066000,1.080000,1.300280
2026-11,HUB_VITHANH,COM_VEGETABLE,CANTHO_POST2025,Cần Thơ,harmonized_post_2025,9,27.587478,3065.275382,2.910592,2.477591,0,0.066000,1.080000,1.118276
2026-12,HUB_LONGXUYEN,COM_PANGASIUS,ANGIANG_POST2025,An Giang,harmonized_post_2025,52,226.766545,4360.895091,0.537498,2.405153,0,0.045000,1.080000,0.925232
2026-12,HUB_LONGXUYEN,COM_RICE,ANGIANG_POST2025,An Giang,harmonized_post_2025,116,1074.404036,9262.103761,0.537498,2.405153,0,0.045000,1.080000,0.972742
2026-12,HUB_LONGXUYEN,COM_SWEET_POTATO,ANGIANG_POST2025,An Giang,harmonized_post_2025,33,258.784724,7841.961326,0.537498,2.405153,0,0.045000,1.080000,0.856104
2026-12,HUB_LONGXUYEN,COM_VEGETABLE,ANGIANG_POST2025,An Giang,harmonized_post_2025,21,55.367796,2636.561709,0.537498,2.405153,0,0.045000,1.080000,1.085302
2026-12,HUB_SOCTRANG,COM_PURPLE_ONION,CANTHO_POST2025,Cần Thơ,harmonized_post_2025,74,353.320888,4774.606598,0.572131,1.902950,0,0.250000,1.080000,1.231992
2026-12,HUB_SOCTRANG,COM_RICE,CANTHO_POST2025,Cần Thơ,harmonized_post_2025,55,498.220674,9058.557718,0.572131,1.902950,0,0.250000,1.080000,0.964420
2026-12,HUB_SOCTRANG,COM_SHRIMP,CANTHO_POST2025,Cần Thơ,harmonized_post_2025,57,178.018877,3123.138192,0.572131,1.902950,0,0.250000,1.080000,0.748683
2026-12,HUB_SOCTRANG,COM_VEGETABLE,CANTHO_POST2025,Cần Thơ,harmonized_post_2025,42,117.147770,2789.232619,0.572131,1.902950,0,0.250000,1.080000,1.076979
2026-12,HUB_VINHLONG,COM_ORANGE,VINHLONG_POST2025,Vĩnh Long,harmonized_post_2025,70,404.936859,5784.812273,0.539038,2.204847,0,0.112500,1.080000,1.113452
2026-12,HUB_VINHLONG,COM_POMELO,VINHLONG_POST2025,Vĩnh Long,harmonized_post_2025,57,312.850538,5488.605926,0.539038,2.204847,0,0.112500,1.080000,1.044003
2026-12,HUB_VINHLONG,COM_SWEET_POTATO,VINHLONG_POST2025,Vĩnh Long,harmonized_post_2025,46,332.668652,7231.927223,0.539038,2.204847,0,0.112500,1.080000,0.868888
2026-12,HUB_VINHLONG,COM_VEGETABLE,VINHLONG_POST2025,Vĩnh Long,harmonized_post_2025,43,129.692180,3016.097208,0.539038,2.204847,0,0.112500,1.080000,1.098085
2026-12,HUB_VITHANH,COM_PANGASIUS,CANTHO_POST2025,Cần Thơ,harmonized_post_2025,23,97.256385,4228.538461,0.560932,2.108144,0,0.137500,1.080000,0.955478
2026-12,HUB_VITHANH,COM_PINEAPPLE,CANTHO_POST2025,Cần Thơ,harmonized_post_2025,46,304.046812,6609.713310,0.560932,2.108144,0,0.137500,1.080000,0.921239
2026-12,HUB_VITHANH,COM_RICE,CANTHO_POST2025,Cần Thơ,harmonized_post_2025,79,630.376088,7979.444152,0.560932,2.108144,0,0.137500,1.080000,1.002988
2026-12,HUB_VITHANH,COM_SUGARCANE,CANTHO_POST2025,Cần Thơ,harmonized_post_2025,66,1213.012401,18378.975777,0.560932,2.108144,0,0.137500,1.080000,1.235790
2026-12,HUB_VITHANH,COM_VEGETABLE,CANTHO_POST2025,Cần Thơ,harmonized_post_2025,23,59.271978,2577.042538,0.560932,2.108144,0,0.137500,1.080000,1.115548
