ts,node_id,rainfall_mm,river_level_m,flood_risk_idx,road_factor,water_factor,alert_level
2026-10-15T00:00:00+07:00,HUB_VITHANH,3.585502,3.395530,0.578928,1.857450,1.061553,watch
2026-10-15T00:00:00+07:00,HUB_LONGXUYEN,2.508376,3.749599,0.737563,2.051602,1.151391,warning
2026-10-15T00:00:00+07:00,HUB_SOCTRANG,3.580583,3.270203,0.520044,1.783826,1.050000,watch
2026-10-15T00:00:00+07:00,HUB_VINHLONG,2.566135,3.488107,0.615185,1.898851,1.085042,warning
2026-10-15T00:00:00+07:00,CT_HUB,3.612363,3.612268,0.680890,1.985006,1.116546,warning
2026-10-15T00:00:00+07:00,HCM_MARKET,2.336232,,0.215942,1.398913,1.050000,none
2026-10-15T01:00:00+07:00,HUB_VITHANH,2.223011,3.393523,0.568343,1.838978,1.061043,watch
2026-10-15T01:00:00+07:00,HUB_LONGXUYEN,2.182639,3.777448,0.735446,2.047703,1.158457,warning
2026-10-15T01:00:00+07:00,HUB_SOCTRANG,2.219962,3.236006,0.494357,1.746485,1.050000,watch
2026-10-15T01:00:00+07:00,HUB_VINHLONG,2.392239,3.555129,0.645425,1.935982,1.102048,warning
2026-10-15T01:00:00+07:00,CT_HUB,2.605507,3.544559,0.641971,1.932485,1.099366,warning
2026-10-15T01:00:00+07:00,HCM_MARKET,1.677073,,0.205801,1.383702,1.050000,none
2026-10-15T02:00:00+07:00,HUB_VITHANH,1.378267,3.389687,0.560563,1.826005,1.060070,watch
2026-10-15T02:00:00+07:00,HUB_LONGXUYEN,0.964220,3.709969,0.708027,2.008742,1.141335,warning
2026-10-15T02:00:00+07:00,HUB_SOCTRANG,1.376376,3.213178,0.477667,1.722378,1.050000,watch
2026-10-15T02:00:00+07:00,HUB_VINHLONG,1.013022,3.562633,0.639188,1.922881,1.103952,warning
2026-10-15T02:00:00+07:00,CT_HUB,1.981734,3.661707,0.692565,1.993329,1.129090,warning
2026-10-15T02:00:00+07:00,HCM_MARKET,0.958895,,0.194752,1.367128,1.050000,none
2026-10-15T03:00:00+07:00,HUB_VITHANH,0.854525,3.453236,0.586697,1.856658,1.076194,watch
2026-10-15T03:00:00+07:00,HUB_LONGXUYEN,0.597816,3.709111,0.705031,2.003588,1.141118,warning
2026-10-15T03:00:00+07:00,HUB_SOCTRANG,0.853353,3.218551,0.476489,1.718893,1.050000,watch
2026-10-15T03:00:00+07:00,HUB_VINHLONG,0.586094,3.484510,0.599483,1.871608,1.084129,watch
2026-10-15T03:00:00+07:00,CT_HUB,0.738479,3.636921,0.672128,1.963000,1.122801,warning
2026-10-15T03:00:00+07:00,HCM_MARKET,0.577148,,0.188879,1.358319,1.050000,none
2026-10-15T04:00:00+07:00,HUB_VITHANH,8.077228,3.423562,0.623878,1.930914,1.068665,warning
2026-10-15T04:00:00+07:00,HUB_LONGXUYEN,5.849177,3.719154,0.746910,2.076134,1.143666,warning
2026-10-15T04:00:00+07:00,HUB_SOCTRANG,9.686388,3.202949,0.531674,1.821847,1.050000,watch
2026-10-15T04:00:00+07:00,HUB_VINHLONG,5.539937,3.547442,0.664091,1.971422,1.100097,warning
2026-10-15T04:00:00+07:00,CT_HUB,6.980320,3.647898,0.721456,2.048667,1.125586,warning
2026-10-15T04:00:00+07:00,HCM_MARKET,5.262940,,0.260968,1.466452,1.050000,none
2026-10-15T05:00:00+07:00,HUB_VITHANH,5.007881,3.475413,0.626504,1.922391,1.081821,warning
2026-10-15T05:00:00+07:00,HUB_LONGXUYEN,4.142782,3.745062,0.747000,2.069683,1.150240,warning
2026-10-15T05:00:00+07:00,HUB_SOCTRANG,5.001012,3.280113,0.534749,1.807671,1.050000,watch
2026-10-15T05:00:00+07:00,HUB_VINHLONG,3.913883,3.587175,0.671241,1.974105,1.110179,warning
2026-10-15T05:00:00+07:00,CT_HUB,6.522885,3.571598,0.682390,1.998076,1.106226,warning
2026-10-15T05:00:00+07:00,HCM_MARKET,3.263023,,0.230200,1.420301,1.050000,none
2026-10-15T06:00:00+07:00,HUB_VITHANH,19.065659,3.441617,0.710120,2.080980,1.073246,warning
2026-10-15T06:00:00+07:00,HUB_LONGXUYEN,13.058257,3.739626,0.807541,2.179651,1.148860,warning
2026-10-15T06:00:00+07:00,HUB_SOCTRANG,18.640022,3.279462,0.630966,1.980399,1.050000,warning
2026-10-15T06:00:00+07:00,HUB_VINHLONG,12.802213,3.564016,0.723268,2.073325,1.104302,warning
2026-10-15T06:00:00+07:00,CT_HUB,16.130788,3.671663,0.797372,2.178757,1.131616,warning
2026-10-15T06:00:00+07:00,HCM_MARKET,12.935198,,0.379003,1.643505,1.050000,watch
2026-10-15T07:00:00+07:00,HUB_VITHANH,11.818015,3.397698,0.638206,1.963212,1.062102,warning
2026-10-15T07:00:00+07:00,HUB_LONGXUYEN,8.096119,3.752563,0.777296,2.122758,1.152143,warning
2026-10-15T07:00:00+07:00,HUB_SOCTRANG,11.556814,3.252490,0.568173,1.874666,1.050000,watch
2026-10-15T07:00:00+07:00,HUB_VINHLONG,8.116321,3.542047,0.679791,2.000956,1.098728,warning
2026-10-15T07:00:00+07:00,CT_HUB,10.001089,3.658386,0.747758,2.093164,1.128247,warning
2026-10-15T07:00:00+07:00,HCM_MARKET,7.540503,,0.296008,1.519012,1.050000,none
2026-10-15T08:00:00+07:00,HUB_VITHANH,34.004789,3.776848,0.960649,2.451599,1.158305,severe
2026-10-15T08:00:00+07:00,HUB_LONGXUYEN,8.398412,3.759899,0.779435,2.126595,1.154004,warning
2026-10-15T08:00:00+07:00,HUB_SOCTRANG,33.988321,3.581423,0.881375,2.352443,1.108719,severe
2026-10-15T08:00:00+07:00,HUB_VINHLONG,8.233737,3.542588,0.680876,2.002763,1.098866,warning
2026-10-15T08:00:00+07:00,CT_HUB,32.898509,3.984095,0.952820,2.437558,1.210890,severe
2026-10-15T08:00:00+07:00,HCM_MARKET,7.822050,,0.300339,1.525509,1.050000,none
2026-10-15T09:00:00+07:00,HUB_VITHANH,30.037153,3.836397,0.932571,2.401241,1.173414,severe
2026-10-15T09:00:00+07:00,HUB_LONGXUYEN,5.527345,3.769795,0.759117,2.090155,1.156515,warning
2026-10-15T09:00:00+07:00,HUB_SOCTRANG,29.432759,3.567661,0.842673,2.286544,1.105227,severe
2026-10-15T09:00:00+07:00,HUB_VINHLONG,5.405282,3.515580,0.648177,1.951011,1.092013,warning
2026-10-15T09:00:00+07:00,CT_HUB,28.432196,3.926984,0.921212,2.380870,1.196399,severe
2026-10-15T09:00:00+07:00,HCM_MARKET,5.026705,,0.257334,1.461001,1.050000,none
2026-10-15T10:00:00+07:00,HUB_VITHANH,27.353828,3.829974,0.913581,2.367183,1.171784,severe
2026-10-15T10:00:00+07:00,HUB_LONGXUYEN,3.228350,3.736571,0.736541,2.053093,1.148085,warning
2026-10-15T10:00:00+07:00,HUB_SOCTRANG,26.608311,3.584661,0.830668,2.260674,1.109541,severe
2026-10-15T10:00:00+07:00,HUB_VINHLONG,3.165049,3.541477,0.644484,1.937778,1.098584,warning
2026-10-15T10:00:00+07:00,CT_HUB,25.987961,4.008559,0.903915,2.349847,1.217097,severe
2026-10-15T10:00:00+07:00,HCM_MARKET,3.842340,,0.239113,1.433669,1.050000,none
2026-10-15T11:00:00+07:00,HUB_VITHANH,24.861077,3.759775,0.895940,2.335544,1.153973,severe
2026-10-15T11:00:00+07:00,HUB_LONGXUYEN,3.039915,3.733604,0.733814,2.048960,1.147332,warning
2026-10-15T11:00:00+07:00,HUB_SOCTRANG,24.857153,3.592815,0.822104,2.243234,1.111610,severe
2026-10-15T11:00:00+07:00,HUB_VINHLONG,1.981855,3.505815,0.619364,1.901828,1.089535,warning
2026-10-15T11:00:00+07:00,CT_HUB,24.472536,4.057363,0.893190,2.330613,1.229480,severe
2026-10-15T11:00:00+07:00,HCM_MARKET,2.271888,,0.214952,1.397428,1.050000,none
2026-10-15T12:00:00+07:00,HUB_VITHANH,23.773868,3.808579,0.888246,2.321745,1.166356,severe
2026-10-15T12:00:00+07:00,HUB_LONGXUYEN,1.240978,3.735905,0.722164,2.027478,1.147916,warning
2026-10-15T12:00:00+07:00,HUB_SOCTRANG,23.771435,3.609320,0.822170,2.239141,1.115798,severe
2026-10-15T12:00:00+07:00,HUB_VINHLONG,1.216645,3.480995,0.602295,1.877548,1.083238,warning
2026-10-15T12:00:00+07:00,CT_HUB,23.532972,4.022579,0.886541,2.318688,1.220654,severe
2026-10-15T12:00:00+07:00,HCM_MARKET,1.350172,,0.200772,1.376158,1.050000,none
2026-10-15T13:00:00+07:00,HUB_VITHANH,77.422671,3.834235,1.000000,2.620000,1.172866,severe
2026-10-15T13:00:00+07:00,HUB_LONGXUYEN,38.773062,3.742585,0.990912,2.507768,1.149611,severe
2026-10-15T13:00:00+07:00,HUB_SOCTRANG,77.346646,3.594374,1.000000,2.620000,1.112005,severe
2026-10-15T13:00:00+07:00,HUB_VINHLONG,38.012806,3.501687,0.872415,2.356721,1.088488,severe
2026-10-15T13:00:00+07:00,CT_HUB,70.024059,4.074663,1.000000,2.620000,1.233870,severe
2026-10-15T13:00:00+07:00,HCM_MARKET,37.191936,,0.752184,2.203275,1.050000,warning
2026-10-15T14:00:00+07:00,HUB_VITHANH,60.897096,3.817228,1.000000,2.604220,1.168550,severe
2026-10-15T14:00:00+07:00,HUB_LONGXUYEN,27.211960,3.719903,0.898445,2.347717,1.143856,severe
2026-10-15T14:00:00+07:00,HUB_SOCTRANG,61.276518,3.561978,1.000000,2.605679,1.103786,severe
2026-10-15T14:00:00+07:00,HUB_VINHLONG,27.649397,3.533378,0.813954,2.243787,1.096529,warning
2026-10-15T14:00:00+07:00,CT_HUB,55.777266,3.953896,1.000000,2.584528,1.203227,severe
2026-10-15T14:00:00+07:00,HCM_MARKET,25.344473,,0.569915,1.929872,1.050000,watch
2026-10-15T15:00:00+07:00,HUB_VITHANH,46.600742,3.805166,1.000000,2.549234,1.165490,severe
2026-10-15T15:00:00+07:00,HUB_LONGXUYEN,17.158012,3.757275,0.841426,2.237775,1.153338,severe
2026-10-15T15:00:00+07:00,HUB_SOCTRANG,47.227569,3.624894,0.995480,2.545995,1.119749,severe
2026-10-15T15:00:00+07:00,HUB_VINHLONG,16.540603,3.555633,0.745788,2.115853,1.102175,warning
2026-10-15T15:00:00+07:00,CT_HUB,42.841160,3.971902,1.000000,2.534774,1.207796,severe
2026-10-15T15:00:00+07:00,HCM_MARKET,15.713573,,0.421747,1.707621,1.050000,watch
2026-10-15T16:00:00+07:00,HUB_VITHANH,85.580846,3.793134,1.000000,2.620000,1.162437,severe
2026-10-15T16:00:00+07:00,HUB_LONGXUYEN,44.062410,3.738659,1.000000,2.539471,1.148615,severe
2026-10-15T16:00:00+07:00,HUB_SOCTRANG,84.974380,3.685527,1.000000,2.620000,1.135134,severe
2026-10-15T16:00:00+07:00,HUB_VINHLONG,43.224108,3.547724,0.930912,2.449887,1.100169,severe
2026-10-15T16:00:00+07:00,CT_HUB,76.430035,3.997117,1.000000,2.620000,1.214194,severe
2026-10-15T16:00:00+07:00,HCM_MARKET,41.038519,,0.811362,2.292043,1.050000,warning
2026-10-15T17:00:00+07:00,HUB_VITHANH,61.049663,3.786368,1.000000,2.604806,1.160720,severe
2026-10-15T17:00:00+07:00,HUB_LONGXUYEN,27.318694,3.784834,0.913332,2.366737,1.160331,severe
2026-10-15T17:00:00+07:00,HUB_SOCTRANG,60.996096,3.608620,1.000000,2.604600,1.115620,severe
2026-10-15T17:00:00+07:00,HUB_VINHLONG,26.871129,3.591694,0.835830,2.268138,1.111325,severe
2026-10-15T17:00:00+07:00,CT_HUB,55.746622,4.037309,1.000000,2.584410,1.224392,severe
2026-10-15T17:00:00+07:00,HCM_MARKET,26.319256,,0.584912,1.952367,1.050000,watch
2026-10-15T18:00:00+07:00,HUB_VITHANH,46.210791,3.803139,1.000000,2.547734,1.164976,severe
2026-10-15T18:00:00+07:00,HUB_LONGXUYEN,17.060255,3.826572,0.840734,2.236534,1.170921,severe
2026-10-15T18:00:00+07:00,HUB_SOCTRANG,46.177580,3.639778,0.995039,2.541405,1.123526,severe
2026-10-15T18:00:00+07:00,HUB_VINHLONG,16.605481,3.600046,0.767103,2.142746,1.113445,warning
2026-10-15T18:00:00+07:00,CT_HUB,43.703662,4.004917,1.000000,2.538091,1.216173,severe
2026-10-15T18:00:00+07:00,HCM_MARKET,15.775207,,0.422695,1.709043,1.050000,watch
2026-10-15T19:00:00+07:00,HUB_VITHANH,37.295064,3.847427,0.983934,2.493360,1.176213,severe
2026-10-15T19:00:00+07:00,HUB_LONGXUYEN,10.501306,3.816579,0.794317,2.153286,1.168386,warning
2026-10-15T19:00:00+07:00,HUB_SOCTRANG,36.990099,3.584693,0.904154,2.392462,1.109549,severe
2026-10-15T19:00:00+07:00,HUB_VINHLONG,10.295398,3.522635,0.686097,2.017219,1.093803,warning
2026-10-15T19:00:00+07:00,CT_HUB,36.246445,4.032285,0.976513,2.480051,1.223117,severe
2026-10-15T19:00:00+07:00,HCM_MARKET,9.834763,,0.331304,1.571956,1.050000,none
2026-10-15T20:00:00+07:00,HUB_VITHANH,52.924337,3.788457,1.000000,2.573555,1.161250,severe
2026-10-15T20:00:00+07:00,HUB_LONGXUYEN,21.189874,3.766496,0.869959,2.288948,1.155678,severe
2026-10-15T20:00:00+07:00,HUB_SOCTRANG,52.247506,3.626948,1.000000,2.570952,1.120270,severe
2026-10-15T20:00:00+07:00,HUB_VINHLONG,20.774386,3.578052,0.786278,2.182749,1.107864,warning
2026-10-15T20:00:00+07:00,CT_HUB,48.219134,3.967906,1.000000,2.555458,1.206782,severe
2026-10-15T20:00:00+07:00,HCM_MARKET,20.237976,,0.491353,1.812030,1.050000,watch
2026-10-15T21:00:00+07:00,HUB_VITHANH,41.092735,3.850822,1.000000,2.528049,1.177074,severe
2026-10-15T21:00:00+07:00,HUB_LONGXUYEN,13.398311,3.826385,0.814819,2.190055,1.170874,warning
2026-10-15T21:00:00+07:00,HUB_SOCTRANG,41.868716,3.636947,0.963216,2.485053,1.122807,severe
2026-10-15T21:00:00+07:00,HUB_VINHLONG,12.880119,3.539967,0.712527,2.060198,1.098200,warning
2026-10-15T21:00:00+07:00,CT_HUB,39.175490,4.083728,0.997242,2.517227,1.236170,severe
2026-10-15T21:00:00+07:00,HCM_MARKET,12.236113,,0.368248,1.627372,1.050000,watch
2026-10-15T22:00:00+07:00,HUB_VITHANH,34.848473,3.786494,0.966620,2.462308,1.160752,severe
2026-10-15T22:00:00+07:00,HUB_LONGXUYEN,8.594032,3.709516,0.761810,2.105316,1.141221,warning
2026-10-15T22:00:00+07:00,HUB_SOCTRANG,35.390182,3.642069,0.919773,2.405832,1.124107,severe
2026-10-15T22:00:00+07:00,HUB_VINHLONG,8.440370,3.603673,0.711022,2.041240,1.114365,warning
2026-10-15T22:00:00+07:00,CT_HUB,32.061949,4.004661,0.946900,2.426940,1.216108,severe
2026-10-15T22:00:00+07:00,HCM_MARKET,7.586390,,0.296714,1.520071,1.050000,none
2026-10-15T23:00:00+07:00,HUB_VITHANH,29.218730,3.838682,0.926779,2.390853,1.173994,severe
2026-10-15T23:00:00+07:00,HUB_LONGXUYEN,5.318168,3.780247,0.757636,2.087500,1.159167,warning
2026-10-15T23:00:00+07:00,HUB_SOCTRANG,29.358103,3.627273,0.870137,2.320586,1.120353,severe
2026-10-15T23:00:00+07:00,HUB_VINHLONG,5.255944,3.559028,0.667522,1.974618,1.103037,warning
2026-10-15T23:00:00+07:00,CT_HUB,28.732085,4.004931,0.923335,2.384676,1.216177,severe
2026-10-15T23:00:00+07:00,HCM_MARKET,4.703562,,0.252362,1.453544,1.050000,none
2026-10-16T00:00:00+07:00,HUB_VITHANH,27.563677,3.820710,0.915066,2.369847,1.169434,severe
2026-10-16T00:00:00+07:00,HUB_LONGXUYEN,3.131087,3.723732,0.729824,2.044322,1.144827,warning
2026-10-16T00:00:00+07:00,HUB_SOCTRANG,26.469473,3.645279,0.858149,2.294492,1.124921,severe
2026-10-16T00:00:00+07:00,HUB_VINHLONG,3.178826,3.582675,0.663926,1.962134,1.109037,warning
2026-10-16T00:00:00+07:00,CT_HUB,25.867813,4.026436,0.903065,2.348322,1.221633,severe
2026-10-16T00:00:00+07:00,HCM_MARKET,3.392733,,0.232196,1.423294,1.050000,none
2026-10-16T01:00:00+07:00,HUB_VITHANH,24.774880,3.835977,0.895330,2.334450,1.173308,severe
2026-10-16T01:00:00+07:00,HUB_LONGXUYEN,2.931087,3.728813,0.730794,2.044766,1.146117,warning
2026-10-16T01:00:00+07:00,HUB_SOCTRANG,24.771073,3.664749,0.855272,2.284363,1.129862,severe
2026-10-16T01:00:00+07:00,HUB_VINHLONG,1.903210,3.592359,0.659446,1.951628,1.111494,warning
2026-10-16T01:00:00+07:00,CT_HUB,24.610916,4.041950,0.894170,2.332369,1.225570,severe
2026-10-16T01:00:00+07:00,HCM_MARKET,1.808049,,0.207816,1.386724,1.050000,none
2026-10-16T02:00:00+07:00,HUB_VITHANH,31.328235,3.759162,0.941708,2.417628,1.153817,severe
2026-10-16T02:00:00+07:00,HUB_LONGXUYEN,6.538733,3.761176,0.766274,2.102992,1.154328,warning
2026-10-16T02:00:00+07:00,HUB_SOCTRANG,31.315439,3.630154,0.885341,2.347121,1.121084,severe
2026-10-16T02:00:00+07:00,HUB_VINHLONG,6.415414,3.645794,0.716470,2.040262,1.125052,warning
2026-10-16T02:00:00+07:00,CT_HUB,31.096195,3.970329,0.940065,2.414682,1.207397,severe
2026-10-16T02:00:00+07:00,HCM_MARKET,6.189634,,0.275225,1.487838,1.050000,none
2026-10-16T03:00:00+07:00,HUB_VITHANH,27.783505,3.769706,0.916622,2.372637,1.156493,severe
2026-10-16T03:00:00+07:00,HUB_LONGXUYEN,4.046074,3.781876,0.748634,2.071354,1.159581,warning
2026-10-16T03:00:00+07:00,HUB_SOCTRANG,27.775572,3.643001,0.866323,2.309732,1.124344,severe
2026-10-16T03:00:00+07:00,HUB_VINHLONG,3.966739,3.582052,0.669210,1.971769,1.108879,warning
2026-10-16T03:00:00+07:00,CT_HUB,27.121481,4.007715,0.911937,2.364234,1.216883,severe
2026-10-16T03:00:00+07:00,HCM_MARKET,3.838945,,0.239061,1.433591,1.050000,none
2026-10-16T04:00:00+07:00,HUB_VITHANH,26.427337,3.848265,0.907024,2.355424,1.176425,severe
2026-10-16T04:00:00+07:00,HUB_LONGXUYEN,2.894090,3.730217,0.731192,2.045121,1.146473,warning
2026-10-16T04:00:00+07:00,HUB_SOCTRANG,25.580855,3.619248,0.839637,2.267934,1.118317,severe
2026-10-16T04:00:00+07:00,HUB_VINHLONG,2.459378,3.465637,0.603878,1.884306,1.079341,warning
2026-10-16T04:00:00+07:00,CT_HUB,25.098817,3.987353,0.897622,2.338562,1.211717,severe
2026-10-16T04:00:00+07:00,HCM_MARKET,2.409985,,0.217077,1.400615,1.050000,none
2026-10-16T05:00:00+07:00,HUB_VITHANH,42.201123,3.856091,1.000000,2.532312,1.178411,severe
2026-10-16T05:00:00+07:00,HUB_LONGXUYEN,14.132473,3.721512,0.806637,2.182652,1.144264,warning
2026-10-16T05:00:00+07:00,HUB_SOCTRANG,42.173412,3.610025,0.952731,2.473119,1.115977,severe
2026-10-16T05:00:00+07:00,HUB_VINHLONG,14.332635,3.549358,0.727217,2.084146,1.100583,warning
2026-10-16T05:00:00+07:00,CT_HUB,39.457761,4.039106,0.999240,2.520810,1.224848,severe
2026-10-16T05:00:00+07:00,HCM_MARKET,13.162597,,0.382501,1.648752,1.050000,watch
2026-10-16T06:00:00+07:00,HUB_VITHANH,38.784874,3.788492,0.994478,2.512270,1.161259,severe
2026-10-16T06:00:00+07:00,HUB_LONGXUYEN,12.902425,3.811213,0.811309,2.183762,1.167024,warning
2026-10-16T06:00:00+07:00,HUB_SOCTRANG,38.761850,3.638820,0.942108,2.446719,1.123283,severe
2026-10-16T06:00:00+07:00,HUB_VINHLONG,11.796219,3.616301,0.740701,2.091246,1.117569,warning
2026-10-16T06:00:00+07:00,CT_HUB,36.544777,3.995923,0.978625,2.483838,1.213891,severe
2026-10-16T06:00:00+07:00,HCM_MARKET,10.936647,,0.348256,1.597384,1.050000,none
2026-10-16T07:00:00+07:00,HUB_VITHANH,34.279424,3.885643,0.962593,2.455085,1.185909,severe
2026-10-16T07:00:00+07:00,HUB_LONGXUYEN,8.439396,3.736787,0.773520,2.119360,1.148140,warning
2026-10-16T07:00:00+07:00,HUB_SOCTRANG,32.392347,3.694973,0.923399,2.398835,1.137530,severe
2026-10-16T07:00:00+07:00,HUB_VINHLONG,8.070528,3.667172,0.738221,2.073817,1.130476,warning
2026-10-16T07:00:00+07:00,CT_HUB,30.993377,3.935288,0.939338,2.413377,1.198506,severe
2026-10-16T07:00:00+07:00,HCM_MARKET,6.780721,,0.284319,1.501478,1.050000,none
2026-10-16T08:00:00+07:00,HUB_VITHANH,30.637815,3.834162,0.936821,2.408865,1.172847,severe
2026-10-16T08:00:00+07:00,HUB_LONGXUYEN,5.973590,3.738079,0.756677,2.088822,1.148468,warning
2026-10-16T08:00:00+07:00,HUB_SOCTRANG,30.527007,3.540416,0.837624,2.284441,1.098314,severe
2026-10-16T08:00:00+07:00,HUB_VINHLONG,5.856461,3.601780,0.691847,2.007333,1.113885,warning
2026-10-16T08:00:00+07:00,CT_HUB,29.379141,4.029585,0.927914,2.392889,1.222432,severe
2026-10-16T08:00:00+07:00,HCM_MARKET,6.126339,,0.274251,1.486377,1.050000,none
2026-10-16T09:00:00+07:00,HUB_VITHANH,27.294006,3.804029,0.913158,2.366424,1.165201,severe
2026-10-16T09:00:00+07:00,HUB_LONGXUYEN,4.139042,3.820922,0.749292,2.072534,1.169488,warning
2026-10-16T09:00:00+07:00,HUB_SOCTRANG,27.286744,3.642042,0.862413,2.302965,1.124100,severe
2026-10-16T09:00:00+07:00,HUB_VINHLONG,4.481250,3.508753,0.638432,1.935276,1.090281,warning
2026-10-16T09:00:00+07:00,CT_HUB,28.094314,4.040855,0.918821,2.376582,1.225292,severe
2026-10-16T09:00:00+07:00,HCM_MARKET,3.925201,,0.240388,1.435582,1.050000,none
2026-10-16T10:00:00+07:00,HUB_VITHANH,25.282284,3.804344,0.898921,2.340891,1.165281,severe
2026-10-16T10:00:00+07:00,HUB_LONGXUYEN,3.448270,3.811571,0.744403,2.063767,1.167115,warning
2026-10-16T10:00:00+07:00,HUB_SOCTRANG,25.277782,3.673476,0.862956,2.295917,1.132076,severe
2026-10-16T10:00:00+07:00,HUB_VINHLONG,3.388078,3.548872,0.649534,1.944949,1.100460,warning
2026-10-16T10:00:00+07:00,CT_HUB,25.180046,4.058184,0.898197,2.339593,1.229689,severe
2026-10-16T10:00:00+07:00,HCM_MARKET,2.138662,,0.212902,1.394354,1.050000,none
2026-10-16T11:00:00+07:00,HUB_VITHANH,24.113758,3.882068,0.890651,2.326059,1.185002,severe
2026-10-16T11:00:00+07:00,HUB_LONGXUYEN,1.788258,3.733861,0.725077,2.033224,1.147398,warning
2026-10-16T11:00:00+07:00,HUB_SOCTRANG,24.032225,3.610958,0.824785,2.243413,1.116213,severe
2026-10-16T11:00:00+07:00,HUB_VINHLONG,1.978469,3.582076,0.655150,1.946547,1.108885,warning
2026-10-16T11:00:00+07:00,CT_HUB,24.359525,4.027773,0.892390,2.329179,1.221972,severe
2026-10-16T11:00:00+07:00,HCM_MARKET,1.325971,,0.200400,1.375599,1.050000,none
2026-10-16T12:00:00+07:00,HUB_VITHANH,25.132238,3.726585,0.886864,2.325242,1.145551,severe
2026-10-16T12:00:00+07:00,HUB_LONGXUYEN,0.882678,3.863767,0.726247,2.031203,1.180359,warning
2026-10-16T12:00:00+07:00,HUB_SOCTRANG,24.132786,3.629930,0.834405,2.255825,1.121027,severe
2026-10-16T12:00:00+07:00,HUB_VINHLONG,0.865370,3.600162,0.655765,1.943035,1.113474,warning
2026-10-16T12:00:00+07:00,CT_HUB,23.090367,4.000467,0.883409,2.313070,1.215044,severe
2026-10-16T12:00:00+07:00,HCM_MARKET,0.822102,,0.192648,1.363972,1.050000,none
2026-10-16T13:00:00+07:00,HUB_VITHANH,23.129910,3.770932,0.883689,2.313572,1.156804,severe
2026-10-16T13:00:00+07:00,HUB_LONGXUYEN,1.289085,3.773904,0.729123,2.036361,1.157558,warning
2026-10-16T13:00:00+07:00,HUB_SOCTRANG,23.705731,3.661886,0.846388,2.269161,1.129135,severe
2026-10-16T13:00:00+07:00,HUB_VINHLONG,0.626140,3.589139,0.648896,1.933529,1.110677,warning
2026-10-16T13:00:00+07:00,CT_HUB,23.535018,3.927056,0.886556,2.318714,1.196417,severe
2026-10-16T13:00:00+07:00,HCM_MARKET,0.509703,,0.187842,1.356762,1.050000,none
2026-10-16T14:00:00+07:00,HUB_VITHANH,23.660457,3.796573,0.887443,2.320306,1.163309,severe
2026-10-16T14:00:00+07:00,HUB_LONGXUYEN,1.394968,3.737831,0.724158,2.030563,1.148405,warning
2026-10-16T14:00:00+07:00,HUB_SOCTRANG,22.484336,3.669032,0.841100,2.257854,1.130949,severe
2026-10-16T14:00:00+07:00,HUB_VINHLONG,0.332648,3.554739,0.630666,1.909612,1.101949,warning
2026-10-16T14:00:00+07:00,CT_HUB,22.599898,3.981027,0.879938,2.306845,1.210111,severe
2026-10-16T14:00:00+07:00,HCM_MARKET,0.721466,,0.191099,1.361649,1.050000,none
2026-10-16T15:00:00+07:00,HUB_VITHANH,22.300701,3.797955,0.877820,2.303047,1.163660,severe
2026-10-16T15:00:00+07:00,HUB_LONGXUYEN,0.489300,3.762031,0.723463,2.026210,1.154545,warning
2026-10-16T15:00:00+07:00,HUB_SOCTRANG,22.691641,3.646523,0.831998,2.247273,1.125237,severe
2026-10-16T15:00:00+07:00,HUB_VINHLONG,0.206242,3.523496,0.615101,1.889670,1.094021,warning
2026-10-16T15:00:00+07:00,CT_HUB,22.704898,4.025638,0.880681,2.308178,1.221431,severe
2026-10-16T15:00:00+07:00,HCM_MARKET,0.195930,,0.183014,1.349521,1.050000,none
2026-10-16T16:00:00+07:00,HUB_VITHANH,79.025781,3.836877,1.000000,2.620000,1.173536,severe
2026-10-16T16:00:00+07:00,HUB_LONGXUYEN,40.864975,3.745838,1.000000,2.527173,1.150437,severe
2026-10-16T16:00:00+07:00,HUB_SOCTRANG,79.134031,3.617931,1.000000,2.620000,1.117982,severe
2026-10-16T16:00:00+07:00,HUB_VINHLONG,39.112333,3.502091,0.880386,2.370914,1.088590,severe
2026-10-16T16:00:00+07:00,CT_HUB,71.753657,4.061705,1.000000,2.620000,1.230582,severe
2026-10-16T16:00:00+07:00,HCM_MARKET,37.156716,,0.751642,2.202463,1.050000,warning
2026-10-16T17:00:00+07:00,HUB_VITHANH,57.940259,3.756810,1.000000,2.592847,1.153220,severe
2026-10-16T17:00:00+07:00,HUB_LONGXUYEN,25.551637,3.822053,0.900827,2.344309,1.169775,severe
2026-10-16T17:00:00+07:00,HUB_SOCTRANG,57.307485,3.633748,1.000000,2.590413,1.121996,severe
2026-10-16T17:00:00+07:00,HUB_VINHLONG,24.532779,3.597233,0.821882,2.241710,1.112731,severe
2026-10-16T17:00:00+07:00,CT_HUB,52.554554,4.003006,1.000000,2.572133,1.215688,severe
2026-10-16T17:00:00+07:00,HCM_MARKET,23.037164,,0.534418,1.876627,1.050000,watch
2026-10-16T18:00:00+07:00,HUB_VITHANH,44.620064,3.768600,1.000000,2.541616,1.156212,severe
2026-10-16T18:00:00+07:00,HUB_LONGXUYEN,15.418829,3.715371,0.812857,2.195375,1.142706,warning
2026-10-16T18:00:00+07:00,HUB_SOCTRANG,43.890641,3.665333,0.990854,2.527377,1.130010,severe
2026-10-16T18:00:00+07:00,HUB_VINHLONG,15.034781,3.563835,0.738983,2.101555,1.104257,warning
2026-10-16T18:00:00+07:00,CT_HUB,40.943824,4.043269,1.000000,2.527476,1.225904,severe
2026-10-16T18:00:00+07:00,HCM_MARKET,14.283042,,0.399739,1.674609,1.050000,watch
2026-10-16T19:00:00+07:00,HUB_VITHANH,98.414959,3.749701,1.000000,2.620000,1.151417,severe
2026-10-16T19:00:00+07:00,HUB_LONGXUYEN,53.459025,3.765014,1.000000,2.575612,1.155302,severe
2026-10-16T19:00:00+07:00,HUB_SOCTRANG,98.310137,3.599570,1.000000,2.620000,1.113324,severe
2026-10-16T19:00:00+07:00,HUB_VINHLONG,53.716801,3.560478,1.000000,2.576603,1.103405,severe
2026-10-16T19:00:00+07:00,CT_HUB,88.037619,4.035530,1.000000,2.620000,1.223940,severe
2026-10-16T19:00:00+07:00,HCM_MARKET,50.166090,,0.951786,2.502679,1.050000,severe
2026-10-16T20:00:00+07:00,HUB_VITHANH,69.400650,3.817389,1.000000,2.620000,1.168591,severe
2026-10-16T20:00:00+07:00,HUB_LONGXUYEN,33.757530,3.787652,0.958899,2.448461,1.161046,severe
2026-10-16T20:00:00+07:00,HUB_SOCTRANG,69.312285,3.613379,1.000000,2.620000,1.116827,severe
2026-10-16T20:00:00+07:00,HUB_VINHLONG,32.541299,3.611705,0.885354,2.351851,1.116403,severe
2026-10-16T20:00:00+07:00,CT_HUB,63.074292,3.987170,1.000000,2.612593,1.211670,severe
2026-10-16T20:00:00+07:00,HCM_MARKET,31.363669,,0.662518,2.068777,1.050000,warning
2026-10-16T21:00:00+07:00,HUB_VITHANH,60.258074,3.804075,1.000000,2.601762,1.165213,severe
2026-10-16T21:00:00+07:00,HUB_LONGXUYEN,26.718938,3.749248,0.908735,2.358684,1.151302,severe
2026-10-16T21:00:00+07:00,HUB_SOCTRANG,59.991929,3.586377,1.000000,2.600738,1.109976,severe
2026-10-16T21:00:00+07:00,HUB_VINHLONG,26.093358,3.561439,0.816119,2.240508,1.103649,warning
2026-10-16T21:00:00+07:00,CT_HUB,54.877631,4.025448,1.000000,2.581068,1.221382,severe
2026-10-16T21:00:00+07:00,HCM_MARKET,26.228489,,0.583515,1.950273,1.050000,watch
2026-10-16T22:00:00+07:00,HUB_VITHANH,45.587352,3.792393,1.000000,2.545336,1.162249,severe
2026-10-16T22:00:00+07:00,HUB_LONGXUYEN,17.428339,3.757450,0.843339,2.241206,1.153383,severe
2026-10-16T22:00:00+07:00,HUB_SOCTRANG,45.554996,3.640623,0.991029,2.533998,1.123740,severe
2026-10-16T22:00:00+07:00,HUB_VINHLONG,16.177882,3.564749,0.747502,2.116600,1.104488,warning
2026-10-16T22:00:00+07:00,CT_HUB,42.384131,4.040072,1.000000,2.533016,1.225093,severe
2026-10-16T22:00:00+07:00,HCM_MARKET,15.650071,,0.420770,1.706155,1.050000,watch
2026-10-16T23:00:00+07:00,HUB_VITHANH,36.624158,3.759689,0.979186,2.484845,1.153951,severe
2026-10-16T23:00:00+07:00,HUB_LONGXUYEN,10.230893,3.741430,0.788379,2.144824,1.149318,warning
2026-10-16T23:00:00+07:00,HUB_SOCTRANG,36.604098,3.612888,0.914661,2.404112,1.116703,severe
2026-10-16T23:00:00+07:00,HUB_VINHLONG,10.034617,3.561835,0.702659,2.036918,1.103749,warning
2026-10-16T23:00:00+07:00,CT_HUB,34.710668,3.980628,0.965645,2.460558,1.210010,severe
2026-10-16T23:00:00+07:00,HCM_MARKET,9.528773,,0.326597,1.564895,1.050000,none
2026-10-17T00:00:00+07:00,HUB_VITHANH,31.066978,3.837010,0.939859,2.414312,1.173570,severe
2026-10-17T00:00:00+07:00,HUB_LONGXUYEN,6.811132,3.798050,0.768202,2.106449,1.163684,warning
2026-10-17T00:00:00+07:00,HUB_SOCTRANG,31.054541,3.673469,0.903834,2.369233,1.132074,severe
2026-10-17T00:00:00+07:00,HUB_VINHLONG,6.993629,3.590909,0.694790,2.015386,1.111126,warning
2026-10-17T00:00:00+07:00,CT_HUB,29.835660,4.084482,0.931145,2.398683,1.236361,severe
2026-10-17T00:00:00+07:00,HCM_MARKET,5.907839,,0.270890,1.481335,1.050000,none
2026-10-17T01:00:00+07:00,HUB_VITHANH,28.854671,3.775745,0.924202,2.386232,1.158025,severe
2026-10-17T01:00:00+07:00,HUB_LONGXUYEN,4.837482,3.749455,0.753979,2.081079,1.151354,warning
2026-10-17T01:00:00+07:00,HUB_SOCTRANG,29.052082,3.613747,0.861620,2.308763,1.116921,severe
2026-10-17T01:00:00+07:00,HUB_VINHLONG,4.496437,3.600675,0.681703,1.989423,1.113604,warning
2026-10-17T01:00:00+07:00,CT_HUB,28.174699,4.006919,0.919390,2.377602,1.216681,severe
2026-10-17T01:00:00+07:00,HCM_MARKET,4.271615,,0.245717,1.443576,1.050000,none
2026-10-17T02:00:00+07:00,HUB_VITHANH,29.681370,3.854910,0.930053,2.396725,1.178111,severe
2026-10-17T02:00:00+07:00,HUB_LONGXUYEN,5.497869,3.805188,0.758908,2.089781,1.165495,warning
2026-10-17T02:00:00+07:00,HUB_SOCTRANG,29.670834,3.649682,0.882873,2.337709,1.126039,severe
2026-10-17T02:00:00+07:00,HUB_VINHLONG,5.268430,3.624374,0.698295,2.013132,1.119617,warning
2026-10-17T02:00:00+07:00,CT_HUB,29.012956,3.964912,0.925322,2.388241,1.206022,severe
2026-10-17T02:00:00+07:00,HCM_MARKET,5.610559,,0.266316,1.474474,1.050000,none
2026-10-17T03:00:00+07:00,HUB_VITHANH,31.146225,3.791583,0.940419,2.415317,1.162043,severe
2026-10-17T03:00:00+07:00,HUB_LONGXUYEN,7.628755,3.762019,0.773988,2.116827,1.154542,warning
2026-10-17T03:00:00+07:00,HUB_SOCTRANG,31.805195,3.662781,0.904128,2.372488,1.129362,severe
2026-10-17T03:00:00+07:00,HUB_VINHLONG,6.273131,3.586658,0.687695,2.003746,1.110047,warning
2026-10-17T03:00:00+07:00,CT_HUB,29.904145,4.026779,0.931629,2.399553,1.221720,severe
2026-10-17T03:00:00+07:00,HCM_MARKET,5.959474,,0.271684,1.482526,1.050000,none
2026-10-17T04:00:00+07:00,HUB_VITHANH,32.976207,3.854864,0.953370,2.438544,1.178100,severe
2026-10-17T04:00:00+07:00,HUB_LONGXUYEN,7.869096,3.781925,0.775689,2.119877,1.159593,warning
2026-10-17T04:00:00+07:00,HUB_SOCTRANG,33.172340,3.666161,0.915390,2.391824,1.130220,severe
2026-10-17T04:00:00+07:00,HUB_VINHLONG,7.528262,3.574411,0.690826,2.012488,1.106940,warning
2026-10-17T04:00:00+07:00,CT_HUB,31.485611,4.070038,0.942821,2.419625,1.232696,severe
2026-10-17T04:00:00+07:00,HCM_MARKET,7.775514,,0.299623,1.524435,1.050000,none
2026-10-17T05:00:00+07:00,HUB_VITHANH,34.439251,3.822854,0.963724,2.457114,1.169978,severe
2026-10-17T05:00:00+07:00,HUB_LONGXUYEN,9.586226,3.808635,0.787841,2.141671,1.166370,warning
2026-10-17T05:00:00+07:00,HUB_SOCTRANG,34.754518,3.595832,0.893563,2.370625,1.112375,severe
2026-10-17T05:00:00+07:00,HUB_VINHLONG,8.531722,3.521050,0.672871,1.993903,1.093401,warning
2026-10-17T05:00:00+07:00,CT_HUB,33.355866,3.998037,0.956057,2.443363,1.214427,severe
2026-10-17T05:00:00+07:00,HCM_MARKET,8.157702,,0.305503,1.533255,1.050000,none
2026-10-17T06:00:00+07:00,HUB_VITHANH,29.712336,3.837027,0.930272,2.397118,1.173574,severe
2026-10-17T06:00:00+07:00,HUB_LONGXUYEN,6.041673,3.791229,0.762756,2.096683,1.161954,warning
2026-10-17T06:00:00+07:00,HUB_SOCTRANG,29.701756,3.650296,0.883380,2.338462,1.126195,severe
2026-10-17T06:00:00+07:00,HUB_VINHLONG,5.289668,3.562170,0.669236,1.976890,1.103834,warning
2026-10-17T06:00:00+07:00,CT_HUB,29.299889,3.973692,0.927353,2.391883,1.208250,severe
2026-10-17T06:00:00+07:00,HCM_MARKET,5.377003,,0.262723,1.469085,1.050000,none
2026-10-17T07:00:00+07:00,HUB_VITHANH,26.859769,3.805390,0.910085,2.360912,1.165547,severe
2026-10-17T07:00:00+07:00,HUB_LONGXUYEN,3.345186,3.723720,0.731333,2.047033,1.144824,warning
2026-10-17T07:00:00+07:00,HUB_SOCTRANG,26.775089,3.689479,0.881067,2.324315,1.136137,severe
2026-10-17T07:00:00+07:00,HUB_VINHLONG,3.279594,3.562381,0.655110,1.951502,1.103888,warning
2026-10-17T07:00:00+07:00,CT_HUB,26.158264,4.012867,0.905120,2.352009,1.218190,severe
2026-10-17T07:00:00+07:00,HCM_MARKET,3.847102,,0.239186,1.433779,1.050000,none
2026-10-17T08:00:00+07:00,HUB_VITHANH,51.756032,3.814956,1.000000,2.569062,1.167974,severe
2026-10-17T08:00:00+07:00,HUB_LONGXUYEN,21.090496,3.790690,0.869256,2.287687,1.161817,severe
2026-10-17T08:00:00+07:00,HUB_SOCTRANG,51.079604,3.590462,1.000000,2.566460,1.111013,severe
2026-10-17T08:00:00+07:00,HUB_VINHLONG,19.922656,3.532648,0.758930,2.145288,1.096343,warning
2026-10-17T08:00:00+07:00,CT_HUB,47.338348,4.044888,1.000000,2.552071,1.226315,severe
2026-10-17T08:00:00+07:00,HCM_MARKET,20.074091,,0.488832,1.808248,1.050000,watch
2026-10-17T09:00:00+07:00,HUB_VITHANH,18.009284,3.479517,0.720441,2.089817,1.082862,warning
2026-10-17T09:00:00+07:00,HUB_LONGXUYEN,14.070227,3.764817,0.819574,2.198584,1.155252,warning
2026-10-17T09:00:00+07:00,HUB_SOCTRANG,17.984580,3.274931,0.624199,1.969421,1.050000,warning
2026-10-17T09:00:00+07:00,HUB_VINHLONG,12.352046,3.618172,0.745513,2.099399,1.118044,warning
2026-10-17T09:00:00+07:00,CT_HUB,15.563579,3.690826,0.802356,2.182805,1.136478,warning
2026-10-17T09:00:00+07:00,HCM_MARKET,11.734444,,0.360530,1.615795,1.050000,watch
2026-10-17T10:00:00+07:00,HUB_VITHANH,11.165756,3.463961,0.664705,1.993827,1.078915,warning
2026-10-17T10:00:00+07:00,HUB_LONGXUYEN,8.237034,3.799851,0.778293,2.124547,1.164141,warning
2026-10-17T10:00:00+07:00,HUB_SOCTRANG,11.674218,3.259143,0.572128,1.880061,1.050000,watch
2026-10-17T10:00:00+07:00,HUB_VINHLONG,7.658269,3.597766,0.702713,2.027846,1.112866,warning
2026-10-17T10:00:00+07:00,CT_HUB,10.561163,3.689705,0.766428,2.118655,1.136194,warning
2026-10-17T10:00:00+07:00,HCM_MARKET,7.594612,,0.296840,1.520260,1.050000,none
2026-10-17T11:00:00+07:00,HUB_VITHANH,7.198054,3.501597,0.654299,1.965558,1.088465,warning
2026-10-17T11:00:00+07:00,HUB_LONGXUYEN,4.843089,3.833359,0.754274,2.081470,1.172643,warning
2026-10-17T11:00:00+07:00,HUB_SOCTRANG,6.913272,3.318885,0.566488,1.854700,1.050000,watch
2026-10-17T11:00:00+07:00,HUB_VINHLONG,4.748127,3.532487,0.651466,1.952594,1.096303,warning
2026-10-17T11:00:00+07:00,CT_HUB,6.891833,3.633971,0.714290,2.039369,1.122052,warning
2026-10-17T11:00:00+07:00,HCM_MARKET,4.510720,,0.249396,1.449094,1.050000,none
2026-10-17T12:00:00+07:00,HUB_VITHANH,5.658622,3.509289,0.647016,1.950534,1.090417,warning
2026-10-17T12:00:00+07:00,HUB_LONGXUYEN,3.242495,3.817376,0.742947,2.061155,1.168588,warning
2026-10-17T12:00:00+07:00,HUB_SOCTRANG,4.286229,3.298950,0.538536,1.809655,1.050000,watch
2026-10-17T12:00:00+07:00,HUB_VINHLONG,3.501110,3.523984,0.638648,1.931776,1.094145,warning
2026-10-17T12:00:00+07:00,CT_HUB,4.085928,3.654738,0.704184,2.015945,1.127322,warning
2026-10-17T12:00:00+07:00,HCM_MARKET,3.065718,,0.227165,1.415747,1.050000,none
2026-10-17T13:00:00+07:00,HUB_VITHANH,2.690544,3.496095,0.619816,1.905118,1.087069,warning
2026-10-17T13:00:00+07:00,HUB_LONGXUYEN,2.196602,3.757069,0.735545,2.047880,1.153286,warning
2026-10-17T13:00:00+07:00,HUB_SOCTRANG,2.657462,3.304667,0.529694,1.792338,1.050000,watch
2026-10-17T13:00:00+07:00,HUB_VINHLONG,1.825180,3.565912,0.646475,1.935114,1.104784,warning
2026-10-17T13:00:00+07:00,CT_HUB,2.299727,3.658665,0.693387,1.995579,1.128318,warning
2026-10-17T13:00:00+07:00,HCM_MARKET,1.882594,,0.208963,1.388444,1.050000,none
2026-10-17T14:00:00+07:00,HUB_VITHANH,15.304180,3.426405,0.676357,2.024309,1.069386,warning
2026-10-17T14:00:00+07:00,HUB_LONGXUYEN,11.118553,3.730101,0.789341,2.149440,1.146444,warning
2026-10-17T14:00:00+07:00,HUB_SOCTRANG,15.578393,3.318932,0.627833,1.964708,1.050000,warning
2026-10-17T14:00:00+07:00,HUB_VINHLONG,10.496694,3.579714,0.714324,2.053277,1.108286,warning
2026-10-17T14:00:00+07:00,CT_HUB,13.225835,3.633555,0.758920,2.119518,1.121947,warning
2026-10-17T14:00:00+07:00,HCM_MARKET,9.971859,,0.333413,1.575120,1.050000,none
2026-10-17T15:00:00+07:00,HUB_VITHANH,36.020839,3.481449,0.848814,2.319560,1.083353,severe
2026-10-17T15:00:00+07:00,HUB_LONGXUYEN,24.591432,3.829012,0.894032,2.332122,1.171540,severe
2026-10-17T15:00:00+07:00,HUB_SOCTRANG,35.103063,3.285480,0.750299,2.192886,1.050000,warning
2026-10-17T15:00:00+07:00,HUB_VINHLONG,24.109247,3.593309,0.817043,2.234031,1.111735,warning
2026-10-17T15:00:00+07:00,CT_HUB,30.377651,3.684796,0.904363,2.367290,1.134948,severe
2026-10-17T15:00:00+07:00,HCM_MARKET,22.903784,,0.532366,1.873549,1.050000,watch
2026-10-17T16:00:00+07:00,HUB_VITHANH,47.539797,3.508349,0.942965,2.481551,1.090178,severe
2026-10-17T16:00:00+07:00,HUB_LONGXUYEN,33.354780,3.720799,0.942338,2.426210,1.144083,severe
2026-10-17T16:00:00+07:00,HUB_SOCTRANG,46.569035,3.299691,0.838116,2.346757,1.050000,severe
2026-10-17T16:00:00+07:00,HUB_VINHLONG,31.984227,3.627370,0.888767,2.353975,1.120377,severe
2026-10-17T16:00:00+07:00,CT_HUB,40.529098,3.666488,0.967607,2.485390,1.130303,severe
2026-10-17T16:00:00+07:00,HCM_MARKET,30.385016,,0.647462,2.046193,1.050000,warning
2026-10-17T17:00:00+07:00,HUB_VITHANH,147.382389,3.450773,1.000000,2.620000,1.075569,severe
2026-10-17T17:00:00+07:00,HUB_LONGXUYEN,102.302748,3.730127,1.000000,2.620000,1.146450,severe
2026-10-17T17:00:00+07:00,HUB_SOCTRANG,146.131902,3.259367,0.949616,2.557020,1.050000,severe
2026-10-17T17:00:00+07:00,HUB_VINHLONG,100.258648,3.569656,1.000000,2.620000,1.105734,severe
2026-10-17T17:00:00+07:00,CT_HUB,126.681711,3.655640,1.000000,2.620000,1.127550,severe
2026-10-17T17:00:00+07:00,HCM_MARKET,95.390191,,1.000000,2.620000,1.050000,severe
2026-10-17T18:00:00+07:00,HUB_VITHANH,120.373464,3.474870,1.000000,2.620000,1.081683,severe
2026-10-17T18:00:00+07:00,HUB_LONGXUYEN,85.185673,3.834770,1.000000,2.620000,1.173001,severe
2026-10-17T18:00:00+07:00,HUB_SOCTRANG,120.118877,3.301027,0.969178,2.581472,1.050000,severe
2026-10-17T18:00:00+07:00,HUB_VINHLONG,83.458710,3.586179,1.000000,2.620000,1.109926,severe
2026-10-17T18:00:00+07:00,CT_HUB,103.949028,3.696680,1.000000,2.620000,1.137964,severe
2026-10-17T18:00:00+07:00,HCM_MARKET,78.374267,,1.000000,2.620000,1.050000,severe
2026-10-17T19:00:00+07:00,HUB_VITHANH,89.205081,3.518819,1.000000,2.620000,1.092835,severe
2026-10-17T19:00:00+07:00,HUB_LONGXUYEN,61.623876,3.866151,1.000000,2.607015,1.180964,severe
2026-10-17T19:00:00+07:00,HUB_SOCTRANG,89.906529,3.297795,0.967660,2.579575,1.050000,severe
2026-10-17T19:00:00+07:00,HUB_VINHLONG,60.238744,3.610354,1.000000,2.601687,1.116060,severe
2026-10-17T19:00:00+07:00,CT_HUB,77.339101,3.736722,1.000000,2.620000,1.148123,severe
2026-10-17T19:00:00+07:00,HCM_MARKET,57.226807,,1.000000,2.590103,1.050000,severe
2026-10-17T20:00:00+07:00,HUB_VITHANH,55.598499,3.474109,0.983917,2.563737,1.081490,severe
2026-10-17T20:00:00+07:00,HUB_LONGXUYEN,38.264679,3.796177,0.990796,2.505667,1.163209,severe
2026-10-17T20:00:00+07:00,HUB_SOCTRANG,54.725382,3.275412,0.884437,2.436029,1.050000,severe
2026-10-17T20:00:00+07:00,HUB_VINHLONG,37.348021,3.591764,0.910007,2.401155,1.111343,severe
2026-10-17T20:00:00+07:00,CT_HUB,48.655833,3.720453,1.000000,2.557138,1.143995,severe
2026-10-17T20:00:00+07:00,HCM_MARKET,35.851011,,0.731554,2.172331,1.050000,warning
2026-10-17T21:00:00+07:00,HUB_VITHANH,45.157640,3.547589,0.944532,2.474348,1.100135,severe
2026-10-17T21:00:00+07:00,HUB_LONGXUYEN,30.895621,3.807819,0.938646,2.412137,1.166163,severe
2026-10-17T21:00:00+07:00,HUB_SOCTRANG,44.275043,3.271848,0.808808,2.301298,1.050000,warning
2026-10-17T21:00:00+07:00,HUB_VINHLONG,30.255552,3.627064,0.876390,2.331855,1.120300,severe
2026-10-17T21:00:00+07:00,CT_HUB,39.350193,3.703957,0.976858,2.492420,1.139810,severe
2026-10-17T21:00:00+07:00,HCM_MARKET,28.735098,,0.622078,2.008118,1.050000,warning
2026-10-17T22:00:00+07:00,HUB_VITHANH,54.720588,3.484932,0.982787,2.558947,1.084236,severe
2026-10-17T22:00:00+07:00,HUB_LONGXUYEN,37.618054,3.800202,0.986220,2.497460,1.164230,severe
2026-10-17T22:00:00+07:00,HUB_SOCTRANG,53.185038,3.282894,0.877050,2.420870,1.050000,severe
2026-10-17T22:00:00+07:00,HUB_VINHLONG,37.096762,3.645524,0.933472,2.429520,1.124984,severe
2026-10-17T22:00:00+07:00,CT_HUB,46.333823,3.678233,1.000000,2.548207,1.133283,severe
2026-10-17T22:00:00+07:00,HCM_MARKET,34.941884,,0.717567,2.151351,1.050000,warning
2026-10-17T23:00:00+07:00,HUB_VITHANH,33.020019,3.489598,0.831405,2.286256,1.085421,severe
2026-10-17T23:00:00+07:00,HUB_LONGXUYEN,23.578045,3.802602,0.886860,2.319260,1.164839,severe
2026-10-17T23:00:00+07:00,HUB_SOCTRANG,32.974724,3.374036,0.776820,2.217851,1.056099,warning
2026-10-17T23:00:00+07:00,HUB_VINHLONG,23.281754,3.615883,0.821787,2.236778,1.117463,severe
2026-10-17T23:00:00+07:00,CT_HUB,28.572259,3.779373,0.922204,2.382648,1.158946,severe
2026-10-17T23:00:00+07:00,HCM_MARKET,21.837258,,0.515958,1.848937,1.050000,watch
